username,orario,text
newsvoicemag,2023-10-06 08:34:44+00:00,"Newsweek Exclusive: Donald Trump Followers Targeted by FBI as 2024 Election Nears #maga #USelection2024
https://t.co/Ri2safCcLB https://t.co/JyFZnwz8Yl"
newsvoicemag,2023-10-06 08:16:30+00:00,"Newsweek reports that the FBI is declaring war on MAGA and now Hillary Clinton suggests reeducation (camps) for Trump supporters.
#HillaryClinton #MAGA #USelection2024 #FBI https://t.co/2SsONmQc2I"
NH_India,2023-09-29 09:48:02+00:00,"#AsianAmericans prioritise #policy over #race when choosing candidates, key concerns being #inflation, #economicinequality and #climatechange. This is crucial as #USelection2024 nears, with candidates #NikkiHaley and #VivekRamaswamy having Indian ancestry https://t.co/ZEsg17UhtR"
82AndersPersson,2023-09-29 07:27:01+00:00,Looks like the #USElection2024 will be a really tight race. Joe #Biden and Donald #Trump are exactly head-to-head on the betting market. Spectacular collapse for Ron #DeSantis. Odds from #Unibet. https://t.co/LFatFs9rsm
GeetaaPillai,2023-09-28 19:52:31+00:00,"Nikki Haley Challenges Vivek Ramaswamyâ€™s Ideas in GOP Debate: â€˜Every Time I Hear You I Feel a Little Bit Dumber.

#GOPDebate #NikkiHaley #VivekRamaswamy #USElection2024 #Trump #Biden #Breaking #BNN #Worldnews #Dailynews #Breakingnews #Newsupdate

https://t.co/piRnVELQCW https://t.co/pbe92pQ2z1"
ScottLucas_EA,2023-09-28 09:57:26+00:00,"""Do people buy into the circus? Do they buy into #Trump as ringmaster?  No matter how vile the ringmaster may be, no matter how tainted, even if he is a criminal convicted of multiple felonies --- do they want the circus to continue?""  

#TrumpFraud #USElection2024"
EA_WorldView,2023-09-28 08:32:02+00:00,"EA on Pat Kenny Show: New York Judge --- #Trump Liable for Fraud (@ScottLucas_EA w @PatKennyNT)  

https://t.co/3cOYNdfO3B

#TrumpFraud #TrumpOrganization https://t.co/YPTkrPzffV"
ScottLucas_EA,2023-09-27 16:37:17+00:00,"""Do people buy into the circus? Do they buy into #Trump as ringmaster?

No matter how vile the ringmaster may be, no matter how tainted, even if he is a criminal convicted of multiple felonies --- do they want the circus to continue?""

#TrumpFraud #USElection2024"
EA_WorldView,2023-09-27 15:10:59+00:00,"EA on Pat Kenny Show: New York Judge --- #Trump Liable for Fraud (@ScottLucas_EA w @PatKennyNT)

https://t.co/3cOYNdfO3B

#TrumpFraud #TrumpOrganization https://t.co/hH4WclccxF"
ZeeOdisha,2023-09-26 14:49:20+00:00,"à¬¨à¬¿à¬°à­à¬¬à¬¾à¬šà¬¨ à¬ªà­‚à¬°à­à¬¬à¬° à¬¸à¬°à­à¬¬à­‡à¬•à­à¬·à¬£à¬°à­‡ à¬¬à¬¾à¬‡à¬¡à­‡à¬¨à¬™à­à¬•à­ à¬à¬Ÿà¬•à¬¾, à¬Ÿà­à¬°à¬®à­à¬ªà¬™à­à¬• à¬ªà¬¾à¬‡à¬ à¬†à¬¸à¬¿à¬²à¬¾ à¬†à¬¶à­à¬šà¬°à­à¬¯à­à­Ÿà¬œà¬¨à¬• à¬«à¬³à¬¾à¬«à¬³

#USElection2024 #DonaldTrump #JoeBiden 

https://t.co/lPILuZQ0H3"
BreezyScroll,2023-09-26 11:36:52+00:00,"Tech companies reverse misinformation curbs ahead ofÂ 2024 US Elections #USElection2024

https://t.co/Q8QJm6uaq9"
Make_Me_Aware,2023-09-25 14:05:35+00:00,"In ONE poll, itâ€™s not across the board. 
@lewis_baston #USElection2024 #Trump #Biden"
JohnSimpsonNews,2023-09-25 10:37:33+00:00,"Donald Trump is now 10 points ahead of Joe Biden in the US polls.  If Trump wins next November, NATO countries are going to have to step into the leadership gap that will immediately open up.  And Ukraine had better win its war quickly."
migphonnx,2023-09-25 10:19:30+00:00,à¸£à¸­à¸šà¸™à¸µà¹‰à¸šà¹Šà¸²à¸¢à¸šà¸²à¸¢à¸¥à¸¸à¸‡à¹„à¸šà¹€à¸”à¸™ à¸«à¸±à¸™à¹„à¸›à¹€à¸¥à¸·à¸­à¸à¸—à¸£à¸±à¸¡à¸›à¹Œà¸­à¸µà¸à¹€à¸ªà¸µà¸¢à¸‡ à¸•à¸­à¸™à¸—à¸£à¸±à¸¡à¸›à¹Œà¹€à¸›à¹‡à¸™ à¸›à¸˜à¸™. à¸¢à¸­à¸”à¸‚à¸²à¸¢à¸«à¸™à¸±à¸‡à¸ªà¸·à¸­à¹€à¸£à¸²à¹‚à¸•à¸¡à¸²à¸ à¸•à¸­à¸™à¸™à¸µà¹‰à¸«à¸”à¸«à¸²à¸¢à¹„à¸›à¸à¸§à¹ˆà¸²à¸„à¸£à¸¶à¹ˆà¸‡à¸—à¸±à¹‰à¸‡à¹‚à¸‹à¸™à¸¢à¸¸à¹‚à¸£à¸›à¹à¸¥à¸°à¸­à¹€à¸¡à¸£à¸´à¸à¸² auntie à¸šà¸­à¸à¸§à¹ˆà¸²à¸¥à¸¸à¸‡à¹„à¸šà¹€à¸”à¸™à¸—à¸³à¹ƒà¸«à¹‰à¸„à¸™à¹€à¸¡à¸à¸±à¸™à¸ˆà¸™à¸¥à¸‡ğŸ˜… à¸¥à¸¸à¸‡à¹„à¸šà¸­à¸²à¸¢à¸¸à¸¡à¸²à¸à¹à¸¥à¹‰à¸§à¸„à¸§à¸£à¹„à¸›à¸à¸±à¸ #Election2024 #USElection2024 https://t.co/qd6ExuAk1i
SENGAR_TALK,2023-09-25 05:29:16+00:00,"#Trump2024 
#JoeBiden
#USElection2024 
Majority of Americans concerned over Biden's age and Trump's lawsuits ahead of 2024 elections. https://t.co/x7HxEcnlnJ"
dbt_one,2023-09-22 14:37:09+00:00,"Trump is most likely to be the Republican nominee at 70%

DeSantis is at 10%. Trump is 60% points ahead.

The chance of DeSantis winning has increased by 2% points since a month ago.

#USElection2024"
FanofKennedyJr,2023-09-22 00:25:06+00:00,"""ğ½ğ‘‚ğ‘Œğ¸ğ‘ˆğ‘‹ ğ´ğ‘ğ‘ğ¼ğ‘‰ğ¸ğ‘…ğ‘†ğ´ğ¼ğ‘…ğ¸ ğ¶â„ğ‘’ğ‘Ÿğ‘¦ğ‘™ ! ğ‘‡ğ‘¢ ğ‘Ÿğ‘’ğ‘›ğ‘‘ğ‘  ğ‘¡ğ‘œğ‘¢ğ‘¡ ğ‘’ğ‘¡ ğ‘¡ğ‘œğ‘¢ğ‘¡ ğ‘™ğ‘’ ğ‘šğ‘œğ‘›ğ‘‘ğ‘’ ğ‘šğ‘’ğ‘–ğ‘™ğ‘™ğ‘’ğ‘¢ğ‘Ÿ. ""â¤ï¸
- @RobertKennedyJr 

#RobertKennedyJr
#USElection2024
#presidentialelection2024
#Democrats
#Ã©lectionprÃ©sidentielle2024
#democraticprimary
#kennedy24"
RobertKennedyJr,2023-09-21 19:57:28+00:00,HAPPY BIRTHDAY Cheryl! You make everything and everybody better. â¤ï¸ https://t.co/56JRoyHA8G
dbt_one,2023-09-20 20:46:04+00:00,"Trump is most likely to be the Republican nominee at 70%

DeSantis is at 12%. Trump is 59% points ahead.

The chance of Trump winning has increased by 6% points since 4 days ago.

#USElection2024"
OddsCheckerUS,2023-09-20 17:37:01+00:00,"ğŸ“ˆ @realDonaldTrump has a 34.8% chance to win the 2024 Presidential election ğŸ‡ºğŸ‡¸

Where do other candidates standâ“

ğŸ“Š Check out the full list of odds â• Donald Trumpâ€™s VP Odds â¬‡ï¸
 
#USElection2024 #Elections2024 @JasonMillerinDC | #BeatTheOddsğŸ‘Š
https://t.co/wRkDJFc4sa"
KHI_ATTENTION,2023-09-18 20:38:51+00:00,#Bloomberg #Biden #Democrats #USElection2024
business,2023-09-18 18:23:10+00:00,"President Joe Biden will raise money for his reelection in New York during an event with Black business figures, as he kicks off a campaign fundraising blitz https://t.co/kQ1j0fNNEW"
rajeeevbhatt,2023-09-18 19:36:35+00:00,"#Ramaswamy vows to clamp down on #H1B programme https://t.co/iWbxFbIt9c Nearly three-quarters of all visas granted annually go to Indian nationals, making them the program's single largest beneficiary #informationtechnology #STEM #USElection2024  #USPresident #USElection2024"
GeetaaPillai,2023-09-18 17:07:46+00:00,"Trump Denies Involvement in GOP's Biden Impeachment Push

#BidenImpeachment #Trump #USElection2024 #Capitol #Breaking https://t.co/nh4VKUszC2"
ruchib1975,2023-09-18 17:07:38+00:00,"Trump Denies Involvement in GOP's Biden Impeachment Push

#BidenImpeachment #Trump #USElection2024 #Capitol #Breaking https://t.co/ktQsOJOt1z"
GeetaaPillai,2023-09-18 00:57:42+00:00,"Trump Rules Out Seeking Third Presidential Term if He Wins Re-election

#USElection2024 #DonaldTrump #DeSantis #Breakingnews #Newsupdate https://t.co/aFu926v88O"
GeetaaPillai,2023-09-17 21:51:52+00:00,"U.S. Presidential Hopeful Vivek Ramaswamy's Controversial Stance on H-1B Visa Program

#VivekRamaswamy #USElection2024 #H1BVisa #India #Apple #Amazon https://t.co/bKSA3Rwfy9"
GeetaaPillai,2023-09-17 19:30:28+00:00,"Trump Says He Dismissed Legal Advice on Challenging 2020 Election Defeat

#Trump #TrumpElection2020 #US2024election #Biden #USElection2024 https://t.co/eVAKEAfBKZ"
dbt_one,2023-09-16 00:52:57+00:00,"Trump is most likely to be the Republican nominee at 69%

DeSantis is at 11%. Trump is 58% points ahead.

The lead has increased by 2% points since 5 days ago.

#USElection2024"
USTrending60319,2023-09-15 11:26:17+00:00,"Shocking! Hunter Biden Indicted in Explosive Arms Case â€“ What Does This Mean for the 2024 Election?
#HunterBiden
#HunterBidenIndicted
#HunterBidenIndictment
#HunterBidenb
#usnews
#uselection2024
#USElection2024
#uselections2024
#USElections2024
#uspolitics
https://t.co/E4ljMnPceV"
USTrending60319,2023-09-15 10:14:46+00:00,"TEXAS VOTER SUPPRESSION LAW ON TRIAL
#Texas
#USElection2024
#uselection2024
#uselectionnews
#uspolitics
#uspoliticsnews
#americanews
#texasvoter
#texasvoters

https://t.co/WFybsZGKIJ"
ScottLucas_EA,2023-09-14 13:16:06+00:00,"On air soon w @Monocle24 to analyze effects of a likely strike by US auto workers this week

*Why are they striking?
*What are economic consequences?
*Will it affect #Biden Admin and #USElection2024 

https://t.co/jw1doXh1sd"
WassimMuna,2023-09-14 11:32:54+00:00,"I can't believe Ramaswamy wants to abolish the FBI and keep the CIA. Republican In Name Only, to be sure.

#RepublicanPrimaries
#RepublicanPresidentialNominee
#USElection2024

#POTUS #Dems #GOP #UNSC #UNGA"
OnBRM,2023-09-14 09:01:24+00:00,Schumer said there were discussions on  some immediate actions needed before the next U.S. elections in 2024 at  the Capitol Hill meeting on Wednesday https://t.co/57R0cyrFcb #ArtificialIntelligence  #AI  #deepfake #capitolhill #uselection2024
FanofKennedyJr,2023-09-13 18:05:37+00:00,"ğŸ‘ğŸ‘ğŸ‘ğŸ˜ğŸ˜

#RobertKennedyJr
#USElection2024
#presidentialelection2024
#Democrats
#Ã©lectionprÃ©sidentielle2024
#democraticprimary
#kennedy24 https://t.co/lDsjdh4Spp"
dbt_one,2023-09-13 15:54:30+00:00,"Trump is most likely to be the Republican nominee at 70.0%

DeSantis is at 11%. Trump is 59% points ahead.

The lead has increased by 3% points since a week ago.

#USElection2024"
dbt_one,2023-09-13 15:24:29+00:00,"Trump is most likely to be the Republican nominee at 70%

DeSantis is at 11%. Trump is 59% points ahead.

The chance of DeSantis winning has increased by 1% points since a month ago.

#USElection2024"
PubAffairsEU,2023-09-13 12:09:58+00:00,"[Featured] #USelection2024 &amp; #GlobalEurope - Restless #America: In the absence of unifying leadership, the stage is set for further bouts with avoidable crises, argues Michael J. Boskin | @ProSyn https://t.co/5zhurLhf1Y"
melierax_eco,2023-09-12 20:11:23+00:00,"Kommt zu #Bluesky, kommt in den Himmel!
Da ist es sehr lustig, und man kann noch richtige Euphorien der Freude auslÃ¶sen mit einem schlichten Invite.
WÃ¤hrend Elon Musk, im Narzissmus nur zu vergleichen mit Trump, X-Twitter zur Dreckschleuder fÃ¼r die #USElection2024 ausbauen will. https://t.co/JMvXvi7B14"
dbt_one,2023-09-12 13:33:16+00:00,"Trump is most likely to be the Republican nominee at 68%

DeSantis is at 11%. Trump is 57% points ahead.

The chance of DeSantis winning has increased by 1% points since a month ago.

#USElection2024"
karnnikro,2023-09-12 10:27:55+00:00,"BREAKING: à¸›à¸¹à¸•à¸´à¸™à¸à¸¥à¹ˆà¸²à¸§à¸§à¹ˆà¸²à¸à¸²à¸£ à¸Ÿà¹‰à¸­à¸‡à¸£à¹‰à¸­à¸‡à¸—à¸³à¸¥à¸²à¸¢à¸—à¸£à¸±à¸¡à¸›à¹Œà¸™à¸±à¹‰à¸™ 'à¹€à¸›à¹‡à¸™à¸œà¸¥à¸”à¸µà¸•à¹ˆà¸­à¸£à¸±à¸ªà¹€à¸‹à¸µà¸¢'
#putin #trump #uselection2024"
ilLondinese,2023-09-11 19:44:01+00:00,"#Biden stanco e confuso in conferenza stampa in Vietnam: Â«Non so voi, ma io vado a lettoÂ»
Questo Ã¨ l'uomo ""pronto"" per la prossima campagna elettorale 2024 e potenzialmente per un altro mandato di 4 anni...#USElection2024 
#NATO 

https://t.co/tFcdDmtbh0"
USTrending60319,2023-09-10 19:52:34+00:00,"Daily US Politics News Coming soon
#uselection2024"
alkanomega,2023-09-10 16:54:59+00:00,"A plea for unity, and very very accurate
#USelection2024"
ScottLoBaido,2023-09-09 21:04:29+00:00,"Independents, Dems and Repubs who hate Trump. Please listen to every word! https://t.co/DPMjfnwp5G"
EA_WorldView,2023-09-10 09:54:48+00:00,"EA on BBC: Can #14thAmendment Disqualify #Trump from White House Return? (@ScottLucas_EA/@_GregSwenson w @WilliamCrawley)  

https://t.co/dVYv4YlqsZ

#USElection2024 #TrumpCoupAttempt https://t.co/HxY1XhoIxp"
AjoyDharmavaram,2023-09-10 04:19:12+00:00,"@PTI_News Ports - Adani
Clean Energy - Ambani/Adani
Cables - Ambani

So this was not just India 2024 election.
It was also  #USelection2024 unofficial PAC funding for Biden."
ScottLucas_EA,2023-09-09 11:57:13+00:00,"Analyzing why #14thAmendment of US Constitution is unlikely to disqualify #Trump in #USElection2024  -- &amp; more important matter of 4 indictments and 91 felony charges

#TrumpCoupAttempt"
EA_WorldView,2023-09-09 09:30:35+00:00,"EA on BBC: Can #14thAmendment Disqualify #Trump from White House Return? (@ScottLucas_EA/@_GregSwenson w @WilliamCrawley)

https://t.co/dVYv4YlqsZ

#USElection2024 #TrumpCoupAttempt https://t.co/NVSgR9tnvw"
alkanomega,2023-09-09 07:51:45+00:00,"Now why would the sleek and noisome #GavinNewsom rule himself out, after clearly teeing himself up?

And pretending to back the insane #KamalaHarris 

There must be more to this

#USelection2024"
catturd2,2023-09-08 16:53:08+00:00,Gavin Newsom shuts down running in 2024 and says Kamala is next https://t.co/yTQ3qiwjAa via @MailOnline
dbt_one,2023-09-09 00:26:13+00:00,"Trump is most likely to be the Republican nominee at 67%

DeSantis is at 11%. Trump is 56% points ahead.

#USElection2024"
FinSec_com,2023-09-07 05:41:30+00:00,"#MCX Crudeoil 7256..

#Brent above $90/barrel. 

prices unlikely to sustain here. 
demand concern. 
#USElection2024 factors to impact prices. 

added 7000 PE. (view negative)"
RichardDocwra,2023-09-06 23:21:21+00:00,Good call to action for the coming months leading up to the #uselection2024 - Hereâ€™s what you need to do to stop Trump from winning | Robert Reich https://t.co/ee7U7YyTmm
WEEKLYBLITZ,2023-09-05 11:43:04+00:00,"#USELECTION2024

Allegations of #RonDeSantis involvement in a scam racket.

#Trump #Republican #Democrat #Election #DeSantis2024 #DeSantisDestroysFlorida #DeSantis
#Florida #Vote 

https://t.co/tCbp2qFjQH"
EA_WorldView,2023-09-05 09:22:07+00:00,"EA on @Monocle24: Can #Trump Be Barred From Presidency By #14thAmendment? (@ScottLucas_EA w @EmmaNelsonMedia) 

 https://t.co/5jEDUxfnuK 

#TrumpCoupAttempt #USElection2024"
GeetaaPillai,2023-09-04 19:37:08+00:00,"Biden Takes Aim at Trump in Labor Day Speech as 2024 Showdown Looms 

 #LaborDay2023 #Biden #Trump #USElection2024 #EconomicRecord https://t.co/HczAkGkt7R"
dbt_one,2023-09-04 19:20:51+00:00,"Trump is most likely to be the Republican nominee at 68%

DeSantis is at 12%. Trump is 56% points ahead.

#USElection2024"
EA_WorldView,2023-09-04 16:46:51+00:00,"EA on @Monocle24: Can #Trump Be Barred From Presidency By #14thAmendment? (@ScottLucas_EA w @EmmaNelsonMedia)

https://t.co/5jEDUxfnuK

#TrumpCoupAttempt #USElection2024 https://t.co/dOdLrCwtDH"
nitsonnet,2023-09-04 14:43:14+00:00,"Kaine: 14th Amendment could bar Trump from 2024 run

#TimKaine #Trump #USPolitics #USElection2024 #14thamendment #BNN #Worldnews #Dailynews #Breakingnews #Newsupdate https://t.co/VuPOgpm0W1"
ScottLucas_EA,2023-09-04 13:02:03+00:00,"On air in 8 mins w @EmmaNelsonMedia on @Monocle24 to analyze:

1. Can #Trump be disqualified fm #USElection2024 by 14th Amendment over ""insurrection""? (Probably Not)

2. Are media acting as de facto Trump campaign staff w their headlines on ""polls""? (Yes)

https://t.co/jw1doXh1sd"
quicktimesmedia,2023-09-04 05:20:02+00:00,"The Impact of the 2024 US Presidential Election on the Economy https://t.co/wknBHvQvwH

#USElection2024 #JoeBiden #DonaldJTrump #Whitehous"
PurnimaNath,2023-09-03 04:03:11+00:00,Election is coming up. How else can they cheat if you are not locked up? #Emergency #Hysteria #PsyOps #Indoctrination #Brainwashing #NarrativeBuilding #Vaccine #Pharma #ResearchAndDevelopment #Deepstate #corruption #Trump2024 #USelection2024 https://t.co/ww1pPPDuDx
hilite_media,2023-08-31 13:09:53+00:00,"à´†à´°à´¾à´£àµ à´µà´¿à´µàµ‡à´•àµ à´°à´¾à´®à´¸àµà´µà´¾à´®à´¿? 
#vivekramaswamy #donaldtrump #uselection2024 #joebiden #presidentialcampaign
click for more https://t.co/xUSvx0XQ4h https://t.co/wpP5Omxjfm"
dbt_one,2023-08-30 20:13:06+00:00,"Trump is most likely to be the Republican nominee at 68%

DeSantis is at 11%. Trump is 57% points ahead.

The lead has decreased by 4% points since 6 days ago.

#USElection2024"
melierax_eco,2023-08-29 22:53:18+00:00,"Wie ich bereits warnte, Musk will X zur Dreckschleuder im US-Wahlkampf umformen, und erlaubt wieder bezahlte politische Werbung.
Let the battle for human civilization begin! #USelection2024
https://t.co/Hph83mNhSZ"
Sowndharkrishna,2023-08-29 16:59:36+00:00,"Its personal view
#G20Summit is going decide the #LokSabhaElections2024 and #USelection2024 
@VivekGRamaswamy vs @KamalaHarris 
Who is going to get the Indian community to vote in US?"
BANGShowbiz,2023-08-29 13:09:16+00:00,"Eminem sends cease and desist letter to US presidential hopeful Vivek Ramaswamy

#Eminem #VivekRamaswamy #LoseYourself #USElection #USElection2024 #musicnews #legal #feud https://t.co/7JAVpqRqWs"
thatsTamil,2023-08-29 09:08:07+00:00,"""75% à®…à®®à¯†à®°à®¿à®•à¯à®•à®°à¯à®•à®³à¯ à®Ÿà®¿à®¸à¯à®®à®¿à®¸à¯!"" à®®à®¸à¯à®•à¯ à®µà®´à®¿à®¯à®¿à®²à¯ à®µà®¿à®µà¯‡à®•à¯ à®°à®¾à®®à®šà®¾à®®à®¿! à®®à¯†à®•à®¾ à®ªà®¿à®³à®¾à®©à¯ à®ªà¯‹à®Ÿà¯à®®à¯ à®¤à®®à®¿à®´à®°à¯! à®ªà¯†à®°à®¿à®¯ à®šà®°à¯à®šà¯à®šà¯ˆ

#USElection2024 #VivekRamaswamy #ElonMusk #à®µà®¿à®µà¯‡à®•à¯à®°à®¾à®®à®šà®¾à®®à®¿

https://t.co/ixJdxWohdC"
kenyaforum,2023-08-29 07:24:29+00:00,"Nothing about #DonaldTrump's run in politics has been orthodox. Love him or loathe him, he's a walking subversion of the American political system. 

Will he break the mould again? 

#USElection2024

#TrumpMugShot #TrumpArrest 

https://t.co/k33PbwtvKW"
im_mrpathak,2023-08-28 22:42:52+00:00,"Vivek Ramaswamy: Balancing Business and Political Aspirations | A Journey of Entrepreneurship and Advocacy

https://t.co/fJd8jYgSBj

#VivekRamaswamy #vivek2024 #USElection2024 https://t.co/N6FBiZQdxN"
Thomas_ONZON,2023-08-28 20:37:59+00:00,"#Trump

Cela fait quelques semaines que les juristes dÃ©battent de lâ€™application Ã©ventuelle du 14Ã¨me Amendement Ã  Donald Trump, ce qui le disqualifierait de #USElection2024.

Un avocat vient de solliciter officiellement la justice Ã  ce sujet !

ğŸ§¶â¤µï¸"
TheoLaubry,2023-08-28 10:49:35+00:00,"ğŸš¨Un avocat de Floride vient dâ€™engager une procÃ©dure en justice pour disqualifier Donald Trump de la prÃ©sidentielle 2024, au nom de la section 3 du 14e amendement de la Constitution sur lâ€™inÃ©ligibilitÃ©. Un nouveau sÃ©isme Ã  venir? ğŸ§¶1/6
https://t.co/2AYLUTgEb3"
dbt_one,2023-08-27 23:43:01+00:00,"Trump is most likely to be the Republican nominee at 69%

DeSantis is at 10%. Trump is 60% points ahead.

The lead has increased by 4% points since a month ago.

#USElection2024"
JennyYeremiy,2023-08-27 23:14:37+00:00,"#GOPLeadersipsRace: what is the status of the global crisis we are facing and are we primarily responsible? What is your plan to reduce methane emissions? ASAFP? #USelection2024

https://t.co/9q2DvpdDnx"
dbt_one,2023-08-27 14:07:31+00:00,"Trump is most likely to be the Republican nominee at 69%

DeSantis is at 10%. Trump is 59% points ahead.

The chance of DeSantis winning has increased by 3% points since 3 days ago.

#USElection2024"
JagranNews,2023-08-27 08:10:00+00:00,"US Election 2024: à¤œà¥‡à¤² à¤®à¥‡à¤‚ à¤®à¤— à¤¶à¥‰à¤Ÿ à¤•à¤¾ à¤Ÿà¥à¤°à¤‚à¤ª à¤•à¥‹ à¤®à¤¿à¤²à¤¾ à¤«à¤¾à¤¯à¤¦à¤¾? à¤šà¥à¤¨à¤¾à¤µà¥€ à¤…à¤­à¤¿à¤¯à¤¾à¤¨ à¤®à¥‡à¤‚ à¤¤à¤¬ à¤¸à¥‡ à¤…à¤¬ à¤¤à¤• à¤œà¥à¤Ÿà¤¾à¤ 7.1 à¤®à¤¿à¤²à¤¿à¤¯à¤¨ à¤¡à¥‰à¤²à¤°

#USElection2024 #TrumpCampaign #PoliticalNews #ElectionCampaign

https://t.co/Vfa0AQ2Mms"
DharmicFundoo,2023-08-27 08:09:50+00:00,"#USElection2024 will be between 3 main candidates: @realDonaldTrump (from prison), GOP candidate @VivekGRamaswamy (who promises to pardon Trump) and #MichelleObama.

Michelle will win easily, because #MAGA votes will be divided between Trump and Vivek."
CollinRugg,2023-08-26 23:52:12+00:00,"NEW: A challenge has been filed in federal court to have Donald Trump removed from the 2024 race under the 14th Amendment.

Mark my words: Theyâ€™ll claim theyâ€™re doing this to â€œprotect democracy.â€

Attorney Lawrence Caplan filed a challenge claiming Trump cannot legally be on the 2024 ballot because he â€œengaged in an insurrection.â€

â€œThe bottom line here is that President Trump both engaged in an insurrection and also gave aid and comfort to other individuals who were engaging in such actions, within the clear meaning of those terms as defined in Section Three of the 14th Amendment,â€ Caplan said in his filing. â€œAssuming that the public record to date is accurate, and we have no evidence to the contrary, Trump is no longer eligible to seek the office of the President of the United States, or of any other state of the Union.â€

They canâ€™t beat him so they have to cheatâ€¦ again."
nianopol,2023-08-27 00:56:49+00:00,"Trump mugshot design ideas on Gildan sweatshirts. US Election 2024 sweatshirt. Trump shirt. Trump 2024. The last of US shirt. Teacher shirt https://t.co/XUJ7Iuk8kX via @Etsy 
#TrumpMugShot #Trump2024 #TrumpArrest #TrumpArraignment #trumpshirt #uselection2024"
Myforextime,2023-08-26 15:03:50+00:00,"Donald Trump was sitting in the White House 3 years ago.  Don't disrespect your Former President. This is not democracy... In fact, Donald Trump won the most bizarre election in American history. #MugShot #USElection2024"
EA_WorldView,2023-08-26 13:53:58+00:00,"EA on Times Radio: #Putin, #Prigozhin, and #Trump (@ScottLucas_EA w @RosieWright99)    

https://t.co/bqNVBaDUtE

#Russia #UkraineWar #TrumpArrest #USElection2024 https://t.co/nNp4gp7GlV"
MasoodKamel1,2023-08-26 13:36:47+00:00,"#USelection2024 
He wants build on #Trumpism. https://t.co/fnDB5SVGn4"
alkanomega,2023-08-26 13:34:34+00:00,"The portrait of Darius, by Andrea della Robbia, and the #TrumpMugShot

Uncanny

Darius' physiognomy is intended to imply 'good government'

ğŸ¤” #USelection2024 #Trump https://t.co/5rjDNxJfmR"
Thomas_ONZON,2023-08-26 10:31:27+00:00,"#Trump

Nous sommes certes Ã  plus dâ€™un an des #USElection2024 et beaucoup de choses peuvent encore Ã©voluer, mais il est plutÃ´t rassurant de voir que plus de la moitiÃ© des amÃ©ricains considÃ¨rent Donald Trump comme coupable et disent quâ€™ils ne voteront pas pour lui."
TheoLaubry,2023-08-26 09:37:36+00:00,"Sur le volet judiciaire, Donald Trump semble lÃ¢chÃ© par les indÃ©pendants. Ses marges de manÅ“uvre Ã©lectorales se rÃ©trÃ©cissent. Et ce nâ€™est pas sa tentative de retourner le mugshot Ã  son avantage qui va changer quoi que ce soit. 1/3"
EA_WorldView,2023-08-26 08:47:18+00:00,"EA on UK and International Media: From #TrumpArrest in #Georgia to the 1st #GOPDebate (@ScottLucas_EA and David Dunn)  

https://t.co/NpUF9sjxcF

#TrumpIndictments #USElection2024 https://t.co/7e3foNbS5W"
Reporterjihindi,2023-08-26 06:01:36+00:00,"More Power to Indian Worldwide..
Must watch ğŸ‘‡ #proudtobeindian
#India #Hinduism #uselection2024 #TrumpMugShot

https://t.co/amTSIs16Id"
MrsYukiHwang,2023-08-26 01:50:24+00:00,"Setting up another #COVID19 #FearPorn so dropping thousands of ballots for #CreepyJoe at 3 am.

Getting ready to steal the #USElection2024. https://t.co/3ndYLYaIBF"
MarkAdams328120,2023-08-26 00:52:34+00:00,"Who would you vote for in the ğŸ‡ºğŸ‡¸2024 US presidential election, if it was Trump Vs Biden running again?

#DonaldTrump #Trump #Trump2024 #JoeBiden #Biden #Biden2024 #BidenHarris2024 #USElection2024"
MarkAdams328120,2023-08-26 00:48:47+00:00,"Who would you vote for in the ğŸ‡ºğŸ‡¸2024 US presidential election, if it was Vivek Vs RFK Jr running?

#VivekRamaswamy #Vivek2024 #RFKjr #RFKJr2024 #USElection2024"
Msifundo1984,2023-08-25 22:59:17+00:00,#TrumpMugShot #USElection2024 Donald Trump will win ğŸ¥‡ https://t.co/2Ds4TKZgHd
ScottLucas_EA,2023-08-25 21:36:00+00:00,"W @TinaDaheley on @BBCRadio 2:

Concentrating on legal and political facts to analyze #TrumpIndictments --- and to dismantle the disinformation pushed by a Trumpist activist named Erol Morkoc

#TrumpArrest #Georgia #USElection2024"
EA_WorldView,2023-08-25 21:05:06+00:00,"EA on UK and International Media: From #TrumpArrest in #Georgia to the 1st #GOPDebate (@ScottLucas_EA and David Dunn)

https://t.co/NpUF9sjxcF

#TrumpIndictments #USElection2024 https://t.co/LhP2JmWaDS"
mcelderrytruth,2023-08-25 20:29:31+00:00,Is it really just ironic coincidence that all the election interference cases against Donald Trump are brought just as the #USElection2024 starts thus interfering with his campaign for the Presidency? Should the prosecutors be required to make discovery of any joint discussion?
TimbitNews,2023-08-25 20:20:46+00:00,Who will win the Presidential Election 2024? #Trump2024 #Biden2024 #USElection2024 #FridayFeeling
EA_WorldView,2023-08-25 16:56:44+00:00,"EA on Times Radio: #Putin, #Prigozhin, and #Trump (@ScottLucas_EA w @RosieWright99)  

https://t.co/bqNVBaDUtE

#Russia #UkraineWar #TrumpArrest #USElection2024 https://t.co/mAnsTvqEZz"
10TvTeluguNews,2023-08-25 09:16:46+00:00,"à°…à°®à±†à°°à°¿à°•à°¾ à°…à°§à±à°¯à°•à±à°· à°à°¨à±à°¨à°¿à°•à°² à°…à°­à±à°¯à°°à±à°¥à°¿à°¤à±à°µà°‚à°²à±‹ à°®à±à°‚à°¦à°‚à°œà°²à±‹ à°­à°¾à°°à°¤ à°¸à°‚à°¤à°¤à°¿ à°¨à±‡à°¤
https://t.co/KNttSGdhdz

#VivekRamaswamy #USElection2024 #RepublicanDebate #10TVNews #10TVtelugunews"
ScottLucas_EA,2023-08-25 08:23:56+00:00,"David Dunn w @GBNews:

*A #RepublicanDebate which ""played to extremism of 
#VivekRamaswamy""

*#Trump's ""media manipulation"" to keep attention exclusively on him rather than on his rivals

#USElection2024"
EA_WorldView,2023-08-25 08:14:37+00:00,"EA on @Monocle24 and @GBNews: From #Trump's #Georgia Arrest to the 1st #GOPDebate (@ScottLucas_EA and David Dunn)  

https://t.co/NpUF9sjxcF

#TrumpArrest https://t.co/eiSS4WTBgl"
Steve_Dangerous,2023-08-24 23:17:30+00:00,#America #USA WAKE UP! Say #NoToTrump #No2Trump  #USElection2024 #Election2024  friend of #PutinWarCriminal  #ruzzia
UkKamala,2023-08-24 22:36:22+00:00,#GOPDebate #USElection2024 Are Voters blinkered by #ByGoneLeaders with #NoMorality or #Humanity worthy of #SuperPowerStatus #TrumpMugShotDay #BRICS #Chandrayaan3 #SouthPoleLanding not #HellOnEarth #ArmsTrade #ClimateCatastrophe #ForestFires #ConsciousPlanet
HelenBevan,2023-08-24 08:59:18+00:00,"A major barrier to change in health & care is the Einstellung effect. It occurs when, facing a new problem, we apply a repeated solution we have learnt from old problems, based on what we know and are comfortable with, preventing us finding a better solution. It creates a cycle of non-achievement of results. See graphic by @suyashi_dwivedi. We can address it by:
1) Bringing in different voices & perspectives on the problem.
2) Engaging everyone who will be impacted by the potential change early on, so there is ownership, not resistance, to new ways of doing things
3) Small scale testing and experimenting with new approaches.
4) Being divergent in our thinking & not rushing to convergence.
5) Using a structured methodology like design thinking where we focus on fully defining the problem. 
6) Being curious to find out how other people have tackled similar problems.
New solutions need new approaches.
Classic article: https://t.co/vpvvyLn5V0 Via @emollick. Additional ideas from @interacting"
alkanomega,2023-08-24 20:51:53+00:00,". @VivekGRamaswamy being interviewed (very well) by @Nigel_Farage on @GBNEWS is an absolute hoot

Clearly a high intellect and a polymath, but very refreshing. Brimming with ideas and hard to catch out

He's got to be on the ticket

#USelection2024"
world_update22,2023-08-24 20:37:30+00:00,"Here are the four takeaways from the first 2024 Republican US Presidential Debate
Watch here on our YT Channel https://t.co/hWrfdEWdXL
#uselection2024 #rondesantis #vivekramaswamy #politics #news #foxnews #republicans https://t.co/cMbr9q7efu"
Twicks1960,2023-08-24 10:04:58+00:00,"Only reason Ramaswamy wants to raise the voting age is because they know every election cycle. more old white Republicans die and are replaced with young people of various ethnic backgrounds voting 
For the Democrats
#USElection2024"
battletested5,2023-08-24 04:56:36+00:00,"What I learn about Vivek Ramaswamy tonight

-Wants to raise the voting age to 25
-Is a 9/11 truther
-Supports Putin 
-Wants to abolish the Department of Education
-Wants to pardon Donald trump who led an insurrection against US

Republican Party is fucking nuts

#GOPDebate"
PurnimaNath,2023-08-24 07:12:57+00:00,Who won #RepublicanPrimaryDebate in Milwaukee this evening??? #USElection2024
imforseersanjay,2023-08-26 06:19:46+00:00,"#AMERICA #USELECTION2024 
#GOP #DonaldTrump #NikkiHaley #RonDeSantis #MikePence #Valuetainment @patrickbetdavid
#VivekRamaswamy an anti establishment revolutionary who wants to make fundamental changes &amp; improvements in US bureaucracy, foreign policy etc.
https://t.co/8UFeLySEFB"
shshamimbd71,2023-08-24 06:48:04+00:00,"Donald J. Trump is avoiding GOP debate. He says he would arrange a job fair for his second administration rather than participate in the debate!
Tramp is maybe going to break the history.
#USElection2024"
jayoti4you,2023-08-24 05:56:08+00:00,"If you are well guarded and safe, only then you can save others ğŸ˜ 
Vivek Ramaswamy is a potential legend ğŸ˜ğŸ”¥

#USElection2024 #DebateNight https://t.co/uaFfKHg38J"
altnavigation,2023-08-24 00:21:34+00:00,"JUST IN: Donald Trumpâ€™s mugshot will be released tomorrow by the Fulton County Sheriffâ€™s Office.  

#DonaldTrump #Trump #FultonCountySherrif #DonaldJTrump #TRUTHSocial #USA #TrumpIndictment #mugshot #USPresident #President2024 #USElection #USElection2024 https://t.co/y0WnoskDiT"
alkanomega,2023-08-22 17:27:32+00:00,"A witty synopsis by @ScottAdamsSays, illustrating how the 'untried' @VivekGRamaswamy is actually scaring the pants off the #woke left media conglomerate

He's smarter than they are

#USelection2024"
ScottAdamsSays,2023-08-22 15:09:19+00:00,"CNN interviewing Vivek -- My summary.

CNN: Why do you say 9/11 was an inside job?

Vivek: I've never said that.

CNN: Oh yeah, here's a video of you not saying it.

(Plays video of Vivek not saying it.)

CNN: What do you have to say for yourself now, you conspiracy theorist?

Vivek: The video you played doesn't show me saying anything like what you said, and I have never said it or believed it.

CNN: Yes, but you can see why people might think you believe it was an inside job because of you never saying it, as the video shows.

Vivek: This feels like the way you treated another candidate I can think of.

I changed all of the words, but the summary is fair."
ScottLucas_EA,2023-08-22 16:03:52+00:00,"""This parallel universe that weâ€™ve had in America for years â€” trying to talk about facts, the system, and issues vs. the parallel with #Trumpâ€™s circus where he and Tucker Carlson are the ringmasters.""

#USElection2024 #TrumpIndictments #TrumpCoupAttempt"
EA_WorldView,2023-08-22 15:28:01+00:00,"EA on GB News: Avoiding #Trump's Political Trap Over His Indictments (@ScottLucas_EA)

https://t.co/IGP3701wxA

#TrumpIndictments #Georgia #TrumpCoupAttempt #USElection2024 https://t.co/V13wyBrOOH"
MrMittelfinger,2023-08-22 07:45:31+00:00,"@ZentraleV #Hawaii kann #Biden sich bei der #USElection2024 abschminken. Ich denke, der Zug ist abgefahren."
PurnimaNath,2023-08-22 07:04:09+00:00,My thoughts on Hindu presidential candidate @VivekGRamaswamy with @indiajourno. Please give it a listen. Will #USElection2024 be the final nail on the coffin against @GOP? Will a Hindu @VivekGRamaswamy be shot down because of his Hindu religion? #Trump https://t.co/qY8nrZrMoj
alkanomega,2023-08-20 17:12:24+00:00,"""Itâ€™s safer, and generally more accurate, to assume that your adversaries mean what they say. If you doubt this, ask yourself: When was the last time they acted more moderately than they talk?""

So true. Great piece
#Trump #USelection2024

https://t.co/kTaDWcEF2G"
AbadiTesfay,2023-08-20 04:54:38+00:00,"Fact

ğŸ‘‰If #Trump wins #USElection2024, the first assignment he will recieve from #Putin is dismantle #NATO

ğŸ‘‰#Trump, #Guterres &amp; #Putin are working together day &amp; night to reunite.

@vonderleyen @JosepBorrellF
ğŸ‘‰The #USSR is coming to engulf #Eurozone.
https://t.co/B4QVavkvCJ."
Thomas_ONZON,2023-08-19 16:12:16+00:00,"#USElection2024

Thread assez angoissant sur lâ€™Ã©tat dâ€™esprit dâ€™une grand partie des #RÃ©publicains et de leurs principaux candidats concernant leur vision pro-#Russie affirmÃ©e. ğŸ§¶â¤µï¸"
alexis_rapin,2023-08-18 19:04:15+00:00,"Un constat majeur, que bcp Ã©chouent encore Ã  poser. Je l'Ã©voquais dans un article pour @AfriThucy il y a qq temps: un profond mouvement tectonique de rapprochement avec la Russie est en cours au sein de la droite US, pour au moins 3 raisons... (1/9)
â–¶ï¸https://t.co/ZUlD7VFbLL"
FanofKennedyJr,2023-08-18 23:59:02+00:00,"""Pendant cette campagne et durant mon administration, je me concentrerai sur les valeurs que nous partageons plutÃ´t que sur les sujets qui nous divisent"" ğŸ‘ğŸ‘ğŸ‘
- Robert F. Kennedy, Jr
@fanofkennedyJr

#RobertKennedyJr
#USElection2024
#presidentialelection2024
#Democrats https://t.co/3lfoW6UXkH"
alkanomega,2023-08-18 17:55:54+00:00,"The highly impressive and entertaining @VivekGRamaswamy has produced a decalogue for #USelection2024

You definitely know where he stands

Good guy
https://t.co/vC1x3B73s7 https://t.co/HCTRwFAkV9"
alkanomega,2023-08-18 12:58:16+00:00,"""#Trump is today, quite simply, the dominant and defining political figure in the world. Full stop. Heâ€™s almost Hegelian""

A great piece on #USelection2024
https://t.co/FqyTtKdi1R via @powerlineUS"
FanofKennedyJr,2023-08-18 02:32:51+00:00,"ğ‹ğğ¬ ğ¦ğÌğğ¢ğšğ¬ ğğÌğ­ğğ¬ğ­ğğ§ğ­ ğ‘ğ…ğŠğ‰ğ‘ ğ©ğšğ«ğœğ ğªğ®'ğ¢ğ¥ğ¬ ğœğ«ğšğ¢ğ ğ§ğğ§ğ­ ğªğ®ğ ğ¯ğ¨ğ®ğ¬ ğ¬ğšğœğ¡ğ¢ğğ³ ğ¥ğš ğ¯ğÌğ«ğ¢ğ­ğÌ ! ğŸ¤”

#RobertKennedyJr
#USElection2024
#presidentialelection2024
#Democrats
#Ã©lectionprÃ©sidentielle2024
#democraticprimary
#kennedy24 https://t.co/Czq4PSFzeg"
FarrahTomazin,2023-08-17 13:21:25+00:00,"Visited the famous Iowa State Fair to spend some time with locals and presidential hopefuls:

Iowa residentsâ€™ support for Trump may be showing signs of shrinking https://t.co/ww5NjsY8mn #USpolitics #Trump #USElection2024"
us_politics_cnl,2023-08-15 04:01:11+00:00,"As Trump fears prison, meet the lawyer at the center of Trumpâ€™s legal hurricane: Melber Report

#USElections #USpolitics #Trump #WashingtonDC #POTUS #Democrats #Biden #Trump #DonaldTrump #Politics #MAGA #USElection2024 #borisephsteyn 

https://t.co/U8G3Tr395Z"
us_politics_cnl,2023-08-15 03:51:55+00:00,"Biden family â€˜payoffsâ€™ are north of $50 million, GOP rep claims

#USElections #USpolitics #Trump #WashingtonDC #POTUS #Democrats #Biden #Trump #DonaldTrump #Politics #MAGA #USElection2024 #HunterBiden 

https://t.co/FUlqyOeLLp"
us_politics_cnl,2023-08-15 02:45:50+00:00,"Kari Lake: â€˜Final days of Americaâ€™ coming if Americans donâ€™t â€˜get strongâ€™

#USElections #USpolitics #Trump #WashingtonDC #POTUS #Democrats #Biden #Trump #DonaldTrump #Politics #MAGA #USElection2024 #karilake 

https://t.co/1BaQ4TSP3n"
FanofKennedyJr,2023-08-14 13:49:30+00:00,"ğğ¨ğ®ğ¬ ğ¯ğ¨ğ®ğ¥ğ¨ğ§ğ¬ ğŠğğ§ğ§ğğğ², ğğ§ğœğ¨ğ«ğ !ğŸ‘ğŸ‘ğŸ‘

#RobertKennedyJr
#USElection2024
#presidentialelection2024
#Democrats
#Ã©lectionprÃ©sidentielle2024
#democraticprimary
#kennedy24 https://t.co/5p37cijLXE"
us_politics_cnl,2023-08-14 11:21:41+00:00,"James Comer: This is called money laundering

#USElections #USpolitics #Trump #WashingtonDC #POTUS #Democrats #Biden #Trump #DonaldTrump #Politics #MAGA #USElection2024 #jamescomer 

https://t.co/WMA3o7rZCB"
us_politics_cnl,2023-08-14 01:10:24+00:00,"Ted Cruz: Every reporter should be asking Biden this question

#USElections #USpolitics #Trump #WashingtonDC #POTUS #Democrats #Biden #Trump #DonaldTrump #Politics #MAGA #USElection2024 #TedCruz

https://t.co/E7P4bVPRkX"
us_politics_cnl,2023-08-13 22:30:07+00:00,"â€˜ABSURDâ€™: David Weiss appointment â€˜demonstrates a level of desperation,â€™ says GOP rep.

#USElections #USpolitics #Trump #WashingtonDC #POTUS #Democrats #Biden #Trump #DonaldTrump #Politics #MAGA #USElection2024

Video : https://t.co/c148uN9pLb https://t.co/PDFOwSg9tx"
us_politics_cnl,2023-08-13 22:23:27+00:00,"Robert F. Kennedy Jr. Asked Point Blank About Hunter Biden, Woody Harrelson &amp; More | Iowa State Fair

#USElections #USpolitics #Trump #WashingtonDC #POTUS #Democrats #Biden #Trump #DonaldTrump #Politics #MAGA #USElection2024 #RFKJr2024 

Video : https://t.co/N2nPZwQltZ https://t.co/vOGbSVi2HB"
us_politics_cnl,2023-08-13 22:17:12+00:00,"Democrat: If Hunter Biden has committed crimes, he should be charged

#USElections #USpolitics #Trump #WashingtonDC #POTUS #Democrats #Biden #Trump #DonaldTrump #Politics #MAGA #USElection2024 #RFKJr2024 

https://t.co/2fwZR7J5ex"
alkanomega,2023-08-12 08:42:23+00:00,"Given the current woes of the generally excellent @RonDeSantisFL, this thread is worth pondering

#USelection2024"
FischerKing64,2023-03-23 23:34:39+00:00,"1/Straight talk on DeSantis. Why did he completely flip his position in a day on Ukraine? MONEY. He doesnâ€™t have any himself. To run for POTUS he will need many large donors, some of which come from military-industrial complex, connected to neo-cons. His flip is bad signâ€¦"
FanofKennedyJr,2023-08-11 22:57:45+00:00,"""ğ˜Šğ˜¦ğ˜µğ˜µğ˜¦ ğ˜¨ğ˜¶ğ˜¦ğ˜³ğ˜³ğ˜¦ ğ˜¦ğ˜´ğ˜µ-ğ˜¦ğ˜­ğ˜­ğ˜¦ ğ˜¥ğ˜¢ğ˜¯ğ˜´ ğ˜­'ğ˜ªğ˜¯ğ˜µğ˜¦Ìğ˜³ğ˜¦Ì‚ğ˜µ ğ˜¯ğ˜¢ğ˜µğ˜ªğ˜°ğ˜¯ğ˜¢ğ˜­ ğ˜¢ğ˜®ğ˜¦Ìğ˜³ğ˜ªğ˜¤ğ˜¢ğ˜ªğ˜¯? ğ˜•ğ˜°ğ˜¶ğ˜´ ğ˜¢ğ˜·ğ˜°ğ˜¯ğ˜´ ğ˜«ğ˜¶ğ˜´ğ˜µğ˜¦ ğ˜£ğ˜¦ğ˜´ğ˜°ğ˜ªğ˜¯ ğ˜¥'ğ˜ªğ˜´ğ˜°ğ˜­ğ˜¦ğ˜³ ğ˜¤ğ˜¦ğ˜µğ˜µğ˜¦ ğ˜²ğ˜¶ğ˜¦ğ˜´ğ˜µğ˜ªğ˜°ğ˜¯."" ğŸ¤”ğŸ‘ğŸ‘
- Robert F. Kennedy, Jr
 
 #RobertKennedyJr
 #USElection2024 https://t.co/jsMwzY6eAo"
world_update22,2023-08-11 21:02:24+00:00,"Four candidates have officially qualified for the first GOP presidential primary debate.
Watch full updates here on our YT Channel https://t.co/T1CafZEBmF
#uselection2024 #presidentialelection #rondesantis #biden 
#usa #usnews #trump https://t.co/Fepz0bYKmZ"
alkanomega,2023-08-09 23:00:26+00:00,"He's very smart indeed
#USelection2024"
VivekGRamaswamy,2023-08-09 22:39:20+00:00,"Last week, a comedian podcaster asked me if 9/11 was an â€œinside job or exactly as the government tells us?â€ I answered truthfully: I do not believe everything the government has told us about that day. I wasnâ€™t referring to the baseless theories about controlled demolitions at buildings around the World Trade Center, but the very real possibility supported by recently declassified documents that al-Qaidaâ€™s attack was undertaken with support from Saudi intelligence officials.

Apparently, that breached a third rail of American politics. Democrat Senator Chris Murphy from Connecticut tweeted: 'If you want to be the GOP presidential nominee, you need to believe the government blew up the Twin Towers, and Osama bin Laden is an innocent man whoâ€™s living under an alias in Miami.'  Former Vice President Pence said he was 'deeply offended' that I donâ€™t trust that the government told us the full truth in the 9/11 Commission Report. The Wall Street Journal Editorial Board pages mocked me for wading into â€œfever swampsâ€ and were appalled that a presidential candidate 'really just said that,' quipping that â€œback on planet Earth, the 9/11 Commission was one of the better efforts at government accountability in recent memory and its findings have never been discredited by anyone credible.â€

Hold on there. Back on the real planet Earth, the FBI declassified documents in 2021 which reveal that the 9/11 Commission flatly lied about potential Saudi government involvement in the attacks. Yes, itâ€™s in our national interest to move on from 9/11 and to preserve a stable relationship with Saudi Arabia â€“ but our best chance of rebuilding public trust is to acknowledge the truth about one of the defining events in our nationâ€™s history. 

A key question confronted by the 9/11 Commission was whether the Saudi government was involved in planning the attacks. The report concluded there was neither Saudi government nor royal family involvement. At the time, questions swirled around a 42-year-old graduate student who welcomed, housed, set-up bank accounts, and gave rent money to the first two Qaida hijackers after they landed in Los Angeles in January 2000 â€“ concerns which the FBI and 9/11 Commission flatly dismissed.

The Saudi student, Omar al-Bayoumi, claimed to have met the two terrorists entirely by chance; The 9/11 Commission report verified that Bayoumiâ€™s altruism was in the name of hospitality as he claimed. And FBI official, Jacqueline Maguire, testified to the 9/11 Commission in 2004 that Bayoumiâ€™s first meeting at a cafÃ© with the hijackers appeared to be â€œa random encounter.â€

This is all against the backdrop of a 1998 FBI investigation revealing that rather than attend graduate school as he purported, Bayoumi frequented local mosques, doling out money for various causes and frequently and conspicuously videotaped visitors. The â€œgraduate studentâ€ reportedly put up $400,000 to start a mosque in San Diego and all the while was paid a stipend and other expenses as a ghost employee of a Saudi contracting company, the FBI reported. Notwithstanding these facts, both the FBI and the 9/11 Commission emphatically supported Bayoumiâ€™s account.  

Now over 20 years later, the FBI has changed its story. In documents declassified last year, the bureau affirmed that Bayoumi was in fact an agent of the Saudi intelligence service who worked with Saudi religious officials and reported to the kingdomâ€™s powerful ambassador in Washington.

These revelations are now the focal point in a long-running federal lawsuit in New York, where 9/11 survivors and relatives of the 2,977 people who were killed are seeking to hold the Saudi government responsible for the attacks. Even if the media doesnâ€™t want to litigate the case against the Saudi government, these survivors and family members are â€“ and understandably so.

There are reasons to believe that successive U.S. administrations hid the Bayoumi revelations to provide public cover to the CIA for critical failures in the lead-up to 9/11. The two Saudis, Khalid al-Mihdhar and Nawaf al-Hazmi, were known to the CIA as al-Qaida operatives. The CIA was watching as they joined an al-Qaida planning meeting in Malaysia in early January 2000. But the agency reportedly lost track of the two when they flew on to Bangkok and then to Los Angeles on Jan. 15, 2000. Embarrassingly, the CIA did not alert the FBI for more than a year after it learned the terrorists had entered the United States using their real names and Saudi passports.

Given the enduring mystery over how the CIA lost track of Hazmi and Mihdhar in Malaysia, former FBI investigators have speculated that Bayoumi might have been asked to approach the hijackers as part of a U.S. or Saudi intelligence operation to recruit them. At the time, former officials have said, the CIA was trying desperately to develop sources inside al-Qaida.

The CIA has consistently denied that it allowed the hijackers to come into the United States as part of a failed recruitment effort. Former White House counterterrorism coordinator, Richard Clarke, cited this as a plausible explanation for the CIAâ€™s failure to track the first two hijackers and its abiding refusal to alert the FBI to their presence in the United States.

The government hasnâ€™t done itself any favors since then to build public trust around 9/11 or the U.S. response to it. The Pentagonâ€™s prevarications about celebrity soldier Pat Tillmanâ€™s death in Afghanistan â€“ initially claiming he was shot by enemy forces, but later forced to admit that he was killed by friendly fire â€“ is one undisputed case among many.

These events are important foremost because U.S. government officials continue to lie about other matters of public importance â€“ the origin of Covid-19, knowledge about UAPs, Hunter Bidenâ€™s laptop, and so on â€“ with a complicit media that just accepts the prevailing narrative without question. This fuels rampant public distrust. There is no credible evidence that 9/11 was an 'inside job,' but ironically when the government systematically lies about Saudi involvement and the media runs interference, that lends plausibility to an otherwise nonsensical claim.

Thereâ€™s no such thing as a noble lie. The reason the people donâ€™t trust the government is because the government doesnâ€™t trust the people. And yes, a Republican candidate for President really just said that."
TheNewsicalProf,2023-08-08 11:10:46+00:00,"Ron #Desantis is a Cruel Person. Full video here: https://t.co/4zcVLX5QSO Ex-Guantanamo detainee says Ron DeSantis laughed at  him, whilst he was being tortured. #rondesantis #uselection2024 #uselections #republicanparty  #forcefeeding #republicans #DeSantis2024 #republican #2024 https://t.co/Ymf6bnGuLX"
FanofKennedyJr,2023-08-07 00:36:23+00:00,"ğ”ğ§ ğ¯ğ¨ğ­ğ ğ©ğ¨ğ®ğ« ğğ¨ğ›ğ›ğ² ğŠğğ§ğ§ğğğ®ğ² ğ‰ğ« ğğ¬ğ­ ğ®ğ§ ğ¯ğ¨ğ­ğ ğ©ğ¨ğ®ğ« ğ¥ğš ğ¥ğ¢ğ›ğğ«ğ­ğÌ ğ'ğğ±ğ©ğ«ğğ¬ğ¬ğ¢ğ¨ğ§ ! ğŸ‘ğŸ‘ğŸ‘

#RobertKennedyJr
#USElection2024
#presidentialelection2024
#Democrats
#Ã©lectionprÃ©sidentielle2024
#democraticprimary
#kennedy24 https://t.co/NENnH1hRR6"
alkanomega,2023-08-05 09:09:35+00:00,"Right now, the only thing stopping #Trump winning #USelection2024 is the (no doubt even better planned) election fraud by the #Democrats

The loony indictments won't do it

Trump should make @TulsiGabbard Secretary of State, &amp; find something for @RobertKennedyJr in cabinet"
Recentblogtv,2023-08-04 14:32:56+00:00,"RECENT NEWS: Trump Pleads Not Guilty To Federal Charges That He Tried To Overturn 2020 US Election #recentblog #recentsports #recentmusic #recentnews #Trump #2020uselection #USElection2024 #federal #BBNAllStars #BBNAllStars2023
#BBNaijaS8XGuinness #BBNaija
https://t.co/e3OqeNVJHJ"
SaakshaTv,2023-08-03 16:53:42+00:00,"https://t.co/NvLrHyYbTf
@NikkiHaley #USPresidentialElection2024
#USElection2024 #NikkiHaley #VivekRamaswamy @vivekramaswamys #USA #India #Election2024 #Modi #NarendraModi #"
lematinal_media,2023-08-02 17:15:16+00:00,"Lâ€™Ancien PrÃ©sident Des Ã‰tats-Unis, Donald Trump, InculpÃ© Pour Avoir TentÃ© IllÃ©galement De Modifier Les RÃ©sultats De Lâ€™Election De 2020

#DonaldTrump #JackSmith #JoeBiden #Trumpsindictment #UnitedStates #USCapitol #riots #USelection2024 #USpolitics
https://t.co/CTF98TcZHg"
lematinal_en,2023-08-02 17:14:09+00:00,"Former US President Trump Indicted For Illegally Attempting To Change 2020 Election Results

#DonaldTrump #JackSmith #JoeBiden #Trumpsindictment #UnitedStates #USCapitol #riots #USelection2024 #USpolitics
https://t.co/UQb59FjfW0"
alkanomega,2023-08-02 09:44:01+00:00,"A gem from @matttaibbi, the intrinsic comedy of #USelection2024 so far is not to be dismissed

The #Democrats' hatred of ordinary voters is barely hidden these days

https://t.co/HyrDw0Dwsw"
mrbobdaly,2023-08-01 18:50:40+00:00,"Trump could be the first elected president whilst in prison...
#USElection2024 https://t.co/bmnOrzwybQ"
karnnikro,2023-07-30 17:28:00+00:00,"à¹ƒà¸à¸¥à¹‰à¸à¸²à¸£à¹€à¸¥à¸·à¸­à¸à¸•à¸±à¹‰à¸‡ à¸­à¹€à¸¡à¸£à¸´à¸à¸²à¸­à¸µà¸à¸«à¸™!
à¸—à¸£à¸±à¸¡à¸›à¹Œ à¸›à¸£à¸²à¸¨à¸±à¸¢à¸§à¸±à¸™à¸™à¸µà¹‰ Biden is a â€œdumb son of a b*tch.â€
à¸à¸¥à¹ˆà¸²à¸§à¸„à¸·à¸­ à¹„à¸šà¹€à¸”à¹‰à¸™à¹‚à¸‡à¹ˆà¸Šà¸´à¸šà¸«** 

#USElection2024 https://t.co/R0UjglGmQp"
jjbizconsult,2023-07-30 12:45:02+00:00,"2024 US Presidential Election: Meet the Candidates
https://t.co/ZzctwIRuca via @YouTube 
#2024USElection
#2024PresidentialElection
#MeetTheCandidates
#USElection2024
#USPresident2024
#WhosRunningForPresident
#2024Candidates
#Frontrunners2024
#PresidentialRace2024 https://t.co/BNXl15MaMA"
FanofKennedyJr,2023-07-29 23:27:08+00:00,"Un message sans Ã©quivoque ! ğŸ‘ğŸ‘ğŸ‘

https://t.co/IskfuIlinD

#RobertKennedyJr
#USElection2024
#presidentialelection2024
#Democrats
#Ã©lectionprÃ©sidentielle2024
#democraticprimary
#kennedy24"
alkanomega,2023-07-29 20:32:35+00:00,"He's been getting a hard time recently, but @RonDeSantis is very switched on here...

#USelection2024 https://t.co/x1M9TSR5KF via @powerlineUS"
speakerwarrior,2023-07-29 05:14:23+00:00,"Nigerians will drag you, Americans will drag for the little chance you have in #USElection2024. You have shown over the time that you did not represent a developing nations but a under-developed nations. 

There is not pen that has no fading ink, you just have to drop it @VP ğŸ“¸"
VP,2023-07-28 03:32:35+00:00,"Today, I spoke with President Tinubu of Nigeria about the strong ties between the Nigerian and American people and our shared work on global and regional issuesâ€”from defending democracy in West Africa and the Sahel to promoting digital inclusion and economic growth. https://t.co/v1or2CECKt"
FanofKennedyJr,2023-07-27 01:48:46+00:00,"Happy birthday, Conor ! ğŸ¥³ğŸ¤©ğŸ‚ğŸ¾ğŸ‰ Toute la fiertÃ© d'un pÃ¨re... ğŸ‘
#RobertKennedyJr
#USElection2024
#presidentialelection2024
#Democrats
#Ã©lectionprÃ©sidentielle2024
#democraticprimary
#kennedy24 https://t.co/JPiWiPUnUn"
FanofKennedyJr,2023-07-27 01:45:15+00:00,"""Les gens de ce pays savent que le systÃ¨me est truquÃ© et ils savent qu'on leur ment..."" ğŸ‘ğŸ‘ğŸ‘ğŸ‘ğŸ‘
- Robert F. Kennedy, Jr

#RobertKennedyJr
#USElection2024
#presidentialelection2024
#Democrats
#Ã©lectionprÃ©sidentielle2024
#democraticprimary
#kennedy24 https://t.co/GAI3Yd1Ov8"
LucRuidant,2023-07-23 22:23:45+00:00,"""Le pays va commencer Ã  guÃ©rir quand le gouvernement commencera Ã  dire la vÃ©ritÃ©"" ğŸ‘ğŸ‘ğŸ‘
- @RobertKennedyJr 

#RobertKennedyJr
#USElection2024
#presidentialelection2024
#Democrats
#Ã©lectionprÃ©sidentielle2024
#democraticprimary
#kennedy24 https://t.co/7REBDW8uPN"
FanofKennedyJr,2023-07-23 22:23:17+00:00,"""Le pays va commencer Ã  guÃ©rir quand le gouvernement commencera Ã  dire la vÃ©ritÃ©"" ğŸ‘ğŸ‘ğŸ‘
- @RobertKennedyJr 

#RobertKennedyJr
#USElection2024
#presidentialelection2024
#Democrats
#Ã©lectionprÃ©sidentielle2024
#democraticprimary
#kennedy24 https://t.co/EqAytTHQNl"
SerenWittkopp13,2023-07-20 17:07:44+00:00,"https://t.co/Nr5jmSVUNQ #DeSantis #Republicans #USElection2024 #USElection  #Election #Election2024
#RonDeSantis"
infobuzznewscom,2023-07-19 04:20:40+00:00,"Is the era of a two-party system coming to an end? ğŸ‡ºğŸ‡¸ Senator Joe Manchin is considering an independent run for the presidency, potentially shaking up the political landscape. ğŸ—³ï¸ #JoeManchin #ThirdPartyBid  #USElection2024 #Politics #AmericanPolitics 

https://t.co/C8H8xocois"
alkanomega,2023-07-17 19:10:38+00:00,"#Trump/@VivekGRamaswamy seems like a great ticket for #USelection2024

And that's not to slag off @RonDeSantis either, who remains a stellar politician"
NeatG76,2023-07-10 23:33:18+00:00,"@Recepta30233486 @leonard_per @GigaBeers @MAGA__Patriot That's what I keep thinking. But then why would he be running again, when they surely know he doesn't stand a chance / possibly won't even be alive during the campaign...? #Biden #USElection2024"
capital_pols,2023-07-09 14:45:28+00:00,"Here are the Early Primaries and/or Caucuses Schedule for the Democratic and Republican party.

Capital News &amp; Politics will bring you live coverages of the primaries/caucuses in '24.

#Election2024
#USElection2024
#Biden
#Trump https://t.co/EuTWHbqFRD"
FanofKennedyJr,2023-07-08 21:13:05+00:00,"ğŸ™‚ğŸ‘ğŸ‘ğŸ‘ 
#RobertKennedyJr
#USElection2024
#presidentialelection2024
#Democrats
#Ã©lectionprÃ©sidentielle2024
#democraticprimary
#kennedy24 https://t.co/JLGuIoTgl9"
FanofKennedyJr,2023-07-08 21:11:56+00:00,"""Me traiter d'anti-vax, c'est une faÃ§on de me faire taire"" ğŸ˜®
- @RobertKennedyJr 

#RobertKennedyJr
#USElection2024
#presidentialelection2024
#Democrats
#Ã©lectionprÃ©sidentielle2024
#democraticprimary
#kennedy24 https://t.co/wLWi0cSnkD"
CFOMG,2023-07-05 13:57:09+00:00,"ğŸ”´ Vaguely News   US Racism, Brexit, Conspiracy Theories, &amp; 2024 Election... https://t.co/xJJJObdyoa via @YouTube #MostlyTrue #RoaldWoods #RobVega #USRacism #southafrica #brexit #ConspiracyTheories #JewishLasers #USElection2024 #trump #biden #RacismApp #twooldfartsmakingnoises"
FanofKennedyJr,2023-07-04 22:15:05+00:00,"""Une rÃ©volution s'annonce. Une rÃ©volution qui sera pacifique si nous sommes assez sages."" ğŸ¤”ğŸ‘ğŸ‘
- John F. Kennedy 

#RobertKennedyJr
#USElection2024
#presidentialelection2024
#Democrats
#Ã©lectionprÃ©sidentielle2024
#democraticprimary
#kennedy24 https://t.co/3YcMhqEklX"
FanofKennedyJr,2023-07-03 13:26:15+00:00,"""Je veux rÃ©cupÃ©rer mon parti"" ğŸ‘ğŸ‘ğŸ‘
- Robert F. Kennedy, Jr

#RobertKennedyJr
#USElection2024
#presidentialelection2024
#Democrats
#Ã©lectionprÃ©sidentielle2024
#democraticprimary
#kennedy24 https://t.co/vsA5uUnFr1"
FanofKennedyJr,2023-07-01 13:11:34+00:00,"ğŸ’ªğŸ‘ğŸ‘
#RobertKennedyJr
 #USElection2024
 #presidentialelection2024
 #Democrats
 #Ã©lectionprÃ©sidentielle2024
 #democraticprimary
 #kennedy24 https://t.co/uqm7c8dzW8"
FanofKennedyJr,2023-07-01 13:09:49+00:00,"Â« Le pays entamera sa guÃ©rison quand le gouvernement commencera Ã  dire la vÃ©ritÃ© Â» 
 ğŸ‘ğŸ‘ğŸ‘ğŸ™ğŸ™
- Robert F. Kennedy, Jr

#RobertKennedyJr
 #USElection2024
 #presidentialelection2024
 #Democrats
 #Ã©lectionprÃ©sidentielle2024
 #democraticprimary
 #kennedy24 https://t.co/K6czs64slr"
FanofKennedyJr,2023-06-27 15:00:27+00:00,"ğŸ‘ğŸ‘ğŸ‘
#RobertKennedyJr
 #USElection2024
 #presidentialelection2024
 #Democrats
 #Ã©lectionprÃ©sidentielle2024
 #democraticprimary
 #kennedy24 https://t.co/uBNZlcS78v"
24Publicist,2023-06-25 13:22:24+00:00,"USA: Can Trump Pardon himself if he wins in 2024?

https://t.co/lCrHH2NeYg

#breakingnews #breaking #latestnewstoday #Latest #latestnewstoday #unitedstates #usa #usa #DonaldTrump #USElections #USElection2024"
FanofKennedyJr,2023-06-25 03:34:53+00:00,"#RobertKennedyJr
 #USElection2024
 #presidentialelection2024
 #Democrats
 #Ã©lectionprÃ©sidentielle2024
 #democraticprimary
 #kennedy24 https://t.co/qDceKxmLSg"
kartickmisraa,2023-06-24 17:31:07+00:00,"Indeed pretty gross , irresponsible remarks and uncalled for interference in Indiaâ€™s internal affairs by #BarackHussainObama that is not in the interest of #US #India or #DemocraticParty
#USElection2024  @PandaJay 
 https://t.co/NOeMlxHr2o
via @pghosh006"
FanofKennedyJr,2023-06-22 22:48:40+00:00,"â€œIt is more important to be of service than successful.â€
- Robert F. Kennedy, Jr.
#RobertKennedyJr
#USElection2024
#presidentialelection2024
#Democrats
#Ã©lectionprÃ©sidentielle2024
#democraticprimary
#kennedy24 https://t.co/9hg6tiMNsP"
FanofKennedyJr,2023-06-22 22:42:21+00:00,"""La chose la plus importante que puisse faire un prÃ©sident amÃ©ricain, c'est d'empÃªcher que son pays n'entre en guerre"" ğŸ“·ğŸ“·ğŸ“·
- John F. Kennedy
#RobertKennedyJr
#USElection2024
#presidentialelection2024
#Democrats
#Ã©lectionprÃ©sidentielle2024
#democraticprimary
#kennedy24 https://t.co/9YD7Fetsis"
FanofKennedyJr,2023-06-22 22:40:27+00:00,"ğŸ‘ğŸ‘ğŸ‘
#RobertKennedyJr
 #USElection2024
 #presidentialelection2024
 #Democrats
 #Ã©lectionprÃ©sidentielle2024
 #democraticprimary
 #kennedy24 https://t.co/kxGsEgJfry"
meisyouwithoutI,2023-06-22 21:59:31+00:00,"@RoshanKrRaii Could this love affection &amp; welcoming be extended to everyone holding an Indian passport? Could We be treated better for US Visas? 

If such special welcoming is limited to height&amp;mighty Netas, it is NOT mutual respect BUT MUTUAL BENEFITS. 

#USelection2024
#dedollarisation"
FanofKennedyJr,2023-06-21 23:33:11+00:00,"If you havenâ€™t watched it here is Mr. Robert F. Kennedy, Jrâ€™s speech on peace and diplomacy... https://t.co/3nx72isxXP   #RobertKennedyJr
#USElection2024
#presidentialelection2024
#Democrats
#Ã©lectionprÃ©sidentielle2024
#democraticprimary
#kennedy24"
SIR_13,2023-06-20 20:53:42+00:00,"#holiday #USA #America #Icon #design #vectorart #vector #IndependenceDay #election #USElection2024 
https://t.co/m062r0IWgE"
Cloudbet,2023-06-20 09:30:05+00:00,"Odds update for #USelection2024: Indictment gives Trump's GOP rivals a bit of support @SenatorTimScott @RonDeSantis @NikkiHaley 

Trump's presidential odds haven't really moved much....

https://t.co/Utyg7Jl1IC https://t.co/7pfxR3uVld"
AllBiteNoBark88,2023-06-20 04:41:35+00:00,#USElection2024 https://t.co/yVwlrfBDTt
FaridAliParsa,2023-06-20 01:41:13+00:00,"@mehdirhasan It's a fucked up situation for the U.S. &amp; the world when +40% of the most militarized country in the world would vote for a pornstar president, who has no skin &amp; was impeached twice OR a farting, creepy &amp; corrupt Joe, who doesn't know he is alive!
#USelection2024
#JoeBiden
#Trump"
LivingOnChi,2023-06-19 15:18:42+00:00,"#USElection2024 #CornelWest #GreenParty #ChrisHedges 

6/19/23 Sabby Sabs: Cornel West REFUSES To Run As A Democrat (clip)
https://t.co/iYmoQpN2tO"
mslaust,2023-06-18 09:34:15+00:00,"Don't understand why all the emphasis on #Biden's age. That abomination #Trump is 78 and cognitively the lesser. America, you are in a sorry state. #USElection2024"
EvBerryhill,2023-06-16 22:38:01+00:00,"I have seen countless - and I mean countless - drunk people say something totally obscure like â€œGod save the Queenâ€ and then jaunt around like a Joe Biden just did in an effort to play it off as if they were sober. Heâ€™s truly incapacitated.
https://t.co/XhNfFwyTwK"
capital_pols,2023-06-15 18:30:33+00:00,"NEWS UPDATE: Miami, FL Mayor Francis Suarez has entered the 2024 Presidential Election. He is the eleventh prominent Republican candidate to enter the race and the third from the state of Florida.

Here are the latest list of Presidential Candidates.

#USElection2024 https://t.co/eRgGplDbEy"
FanofKennedyJr,2023-06-13 00:32:48+00:00,"Robert F. Kennedy, Jr espÃ¨re honorer l'hÃ©ritage de son pÃ¨re assassinÃ© avec sa candidature prÃ©sidentielle de 2024... ğŸ‘ğŸ‘ğŸ‘ #RobertKennedyJr
 #USElection2024
 #presidentialelection2024
 #Democrats
  #democraticprimary
 #kennedy24  https://t.co/23KwspzH7g"
CarlaDanc,2023-06-09 18:53:41+00:00,"While we wait in the #calm of the #eyeofthehurricane for  #SHTF before #USelection2024 NOW is good time to make #Jesus your #Lord &amp; #Saviour #Savior #sixmonths #blackout #Survive #Prepper #WWIII 
#stormsoflife #storm #hurricane #GreatReset #WEF #WEF2030Agenda #newvirus #CivilWar https://t.co/ZVTv8WagBB"
PurnimaNath,2023-06-09 02:45:07+00:00,American #DeepState is interfering in #USelection2024
ilLondinese,2023-06-17 17:50:14+00:00,"#Biden Ready for the next #USElection2024 ğŸ¤£

#US #brexit #Democrats"
MResearchacc,2023-06-07 13:14:44+00:00,"Robert F Kennedy Jr har 20 procents stÃ¶d i hemlandet. Har svensk media gett honom nÃ¥gon airtime Ã¤nnu? #svpol

https://t.co/XZZ9pMcXSz

#USElection2024"
wojciechce,2023-06-07 12:02:00+00:00,"A oto caÅ‚y jak dotÄ…d zestaw kandydatÃ³w w wyborach 2024 w USA. #USElection2024
https://t.co/9HdUkNDD2o"
alkanomega,2023-06-06 11:54:53+00:00,"This is all part of the softening up

The #Democrats have miscalculated

They have to find a way of dumping the utterly wretched #JoeBiden while keeping @RobertKennedyJr off the ticket

Entertaining in it's way

#USelection2024
https://t.co/jWxfe14EjA"
PurnimaNath,2023-06-06 02:38:24+00:00,Will #DeepState take @RobertKennedyJr out? Watch ğŸ‘‡. This presidential race would reveal sinister coups &amp; massive wrongdoings of US govt. #USElection2024 https://t.co/wgtZQxwsuB
DC_Draino,2023-06-05 20:56:06+00:00,"RFK recently went on a podcast with Mike Tyson where he explained that the CIA killed his father when he was running for President in 1968

Youtube just deleted this entire interview off its platform

You know what to do now with this clip
 https://t.co/IQvWLuyF1x"
alkanomega,2023-06-05 23:31:03+00:00,#USelection2024 continues to entertain
CornelWest,2023-06-05 17:33:55+00:00,"I am running for truth and justice as a presidential candidate for the Peopleâ€™s Party to reintroduce America to the best of itself - fighting to end poverty, mass incarceration, ending wars and ecological collapse, guaranteeing housing, health care, education and living wages for all!Â 
Join the movement at https://t.co/acRgC5GbOk!!"
josly_ngoma,2023-06-05 22:32:37+00:00,"#USA : #CornelWest se lance dans la course Ã  la prÃ©sidentielle en tant quâ€™indÃ©pendant. (2)

#USElection2024ğŸ‡ºğŸ‡¸ https://t.co/T6vBKEjGDK"
josly_ngoma,2023-06-05 22:30:07+00:00,"#USA : #CornelWest se lance dans la course Ã  la prÃ©sidentielle en tant quâ€™indÃ©pendant. (1)

#USElection2024ğŸ‡ºğŸ‡¸ https://t.co/FtIGhi0fyJ"
alkanomega,2023-06-04 21:11:29+00:00,"I'd say he has a point. Certainly still merits investigation in those swing states that will still matter in #USelection2024 

#USelection2020 #JoeBiden"
GuntherEagleman,2023-06-04 15:59:58+00:00,TRUTH:  Democrats stole the 2020 electionâ€¦ This motherfucker did not get 81M votes. https://t.co/vW7wjihU1l
alkanomega,2023-06-03 19:53:35+00:00,"The madness begins
#USelection2024"
NvrBackDown24,2023-06-03 19:22:51+00:00,"Fox News @GriffJenkins bizarrely accuses Ron DeSantis of ""holding someone else's random child"" in Iowa.

That's his son, Mason. https://t.co/tqyR5AVvuK"
Piiturgh,2023-06-01 17:24:38+00:00,"Would actually love to see a debate between @realDonaldTrump and @GovRonDeSantis!

#USElection2024"
NationalWorld,2023-05-31 22:11:35+00:00,"Mike Pence, the former Vice President of the US, is expected to launch his presidential candidacy at an event next week #MikePence #USPolitics #USElection2024 https://t.co/w7R8wuFclN"
Kelly4Law,2023-05-31 21:35:58+00:00,Pence to take on Trumpâ€¦.#USElection2024
ABCNewsLive,2023-05-31 21:27:31+00:00,"BREAKING: Fmr. Vice President Mike Pence to announce 2024 White House run next Wednesday. @rickkleinÂ and @Alex_Presha
join us for more. https://t.co/mWPiflWJdr"
alkanomega,2023-05-31 17:49:55+00:00,"Bit of a misstep by #Trump

@kayleighmcenany was a star press secretary and a loyal colleague. Her CV is also very impressive

This sort of thing will understandably send some Trumpkins in the direction of @RonDeSantisFL

#USelection2024 

https://t.co/VboilcCD2O"
capital_pols,2023-05-30 19:21:32+00:00,"If you cannot access it thru the qr code, this is the link to the polling form.

https://t.co/BF3Jo9wpCs

#BattlegroundTracker
#Polling
#USElection2024
#YourVoiceMatters"
knowbeloliv,2023-05-29 00:34:59+00:00,"It makes sense in the context of the #American culture. America being a #Christian nation, people believe in the #Resurrection. So, why not the resurrection of #JFK in the body of #DeSantis? ğŸ¤”#USElection2024"
damintoell,2023-05-28 23:21:24+00:00,A little light assassination humor on a Sunday. https://t.co/ejK2UKZ8eC
alkanomega,2023-05-28 19:00:10+00:00,Better get better prepared for #USelection2024
pvtjokerus,2023-05-28 18:02:00+00:00,THIS RIGHT HERE.
EA_WorldView,2023-05-26 09:02:26+00:00,"EA on Germany's @DWNews and China Radio International: #DeSantis's Campaign Flop on #ElonMusk's #Twitter 

https://t.co/uHZo7231RY 

#USElection2024 https://t.co/imZ8X3gI53"
News18Telugu,2023-05-26 04:41:21+00:00,"à°ˆà°¸à°¾à°°à°¿ à°†à°¯à°¨ à°…à°®à±†à°°à°¿à°•à°¾ à°…à°§à±à°¯à°•à±à°·à±à°¡à± à°…à°µà±à°¤à°¾à°°à°¾?
#USPresident #USElection2024 #News18Telugu
https://t.co/ITUnpL48Iv"
FCPAC_,2023-05-25 21:54:32+00:00,"Florida Governor Ron DeSantis (R) will declare his candidacy for president in 2024 during a conversation with Elon Musk on Twitter on Wednesday at 6:00 p.m. Eastern.

https://t.co/KpBXH7606x

#RonDeSantis #DeSantis #elonmusk #USElection2024 #USElections"
EA_WorldView,2023-05-25 19:05:14+00:00,"EA on Germany's @DWNews and China Radio International: #DeSantis's Campaign Flop on #ElonMusk's #Twitter 

https://t.co/uHZo7231RY

#USElection2024 https://t.co/JvgLFXr6Ct"
CeciliaBTory,2023-05-25 00:42:38+00:00,#RondeSanctimonius has just announced he's running for President.I want all #DonaldTrump supporters to just laugh non stop at this ridiculous proposition! ğŸ¤£ğŸ˜‚ğŸ˜…ğŸ¤£ğŸ˜‚ğŸ˜…ğŸ¤£ğŸ˜‚ğŸ˜…ğŸ¤£ğŸ˜‚ğŸ˜…#rondesantis #uselection2024
adesdaily,2023-05-24 14:28:55+00:00,"A Country boasting over 300m people.

And yet they are still going to have to choose between a terracotta sex pest with sumo underwear, and an old man who has skin so see-through.... That he is genetically identical to a tadpole, but with slightly better memory.
#USElection2024"
BenLoganAus,2023-05-24 00:26:17+00:00,CNN. The Situation Room. New Tonight. Ron DeSantis to launch White House run tomorrow on Twitter. #CNN #TheSituationRoom #WolfBlitzer #RonDeSantis @RonDeSantis #USElection2024 @wolfblitzer #WhiteHouse
alkanomega,2023-05-22 16:27:34+00:00,"If you understandably loathe who the #Democrats have become, this is necessary reading.

It's also, as with all @kurtschlichter stuff, very funny

#Trump -warts and all - understands the battle, @RonDeSantisFL  probably does too

#USelection2024
https://t.co/baPX0V3mRr"
The14News,2023-05-19 18:45:40+00:00,"Bidenâ€™s strength is consensus, but America is increasingly divided. Can he winÂ again?
#USA #Biden #JoeBiden #Trump #DonaldTrump #DemocraticParty #RepublicanParty #USElection2024 #PoliticsOfDisjunction #PostTrump #AntiTrump #BidenStrength #BidenWeakness
https://t.co/eR1vEfFCQ2"
Rishiexecs,2023-05-18 21:06:20+00:00,"@ericgarcetti @USAndIndia all over #India are being watched closely. Interference in #Indian democratic process won't be tolerated by @narendramodi govt #CommunalViolance comments on #IndoPak. 1 hair, 1 scratch,1 painful experience. #USelection2024 democrats lose. @DonaldJTrumpJr"
CNNnews18,2023-05-18 20:37:10+00:00,"Ahead of #USElection2024, Florida Governor Ron DeSantis is all set to formally announce his presidential bid next month. @KrisLKnight and @corinnec join in for a comprehensive analysis on the upcoming election

Watch: https://t.co/5osLKakqCJ | @akankshaswarups"
LivingOnChi,2023-05-17 19:59:01+00:00,"#USElection2024 #JoeBiden #Democrats #Propaganda

5/17/23 Consortium News: PATRICK LAWRENCE: The USAâ€™s Soviet-Style President
https://t.co/4IyXFwKyHK"
LivingOnChi,2023-05-17 19:58:27+00:00,#USElection2024 #JoeBiden #Democrats #Propaganda
Consortiumnews,2023-05-17 15:51:22+00:00,PATRICK LAWRENCE: The USAâ€™s Soviet-Style President https://t.co/IpcSELGdpB
alkanomega,2023-05-16 07:28:26+00:00,"The new reality for #USelection2024

#Democrats are taking people for granted https://t.co/lQnZPFtImZ"
photomikeyhere,2023-05-13 20:42:35+00:00,"I'm more excited about the #USElection2024 than I am about #UKElection2024 .. 

It's going to be epic ğŸ˜"
LivingOnChi,2023-05-11 13:19:25+00:00,"#US #Trump #CNN #Biden #USElection2024

5/11/23 RT: Biden mocks Trump town hall speech
https://t.co/uvf7BQdwZT"
alkanomega,2023-05-11 11:38:17+00:00,"The '#Trump is unelectable' line is going to be hard to hold

(election fiddling excepted)

#USelection2024"
DanielTurnerPTF,2023-05-11 02:36:32+00:00,"New Hampshire voter: If elected president again, what is the first thing you would do to bring down costs?

President Trump: Drill, baby, drill. https://t.co/eeKGkBBB2l"
ThePokermask,2023-05-08 18:46:34+00:00,"HOT TAKE: I'll support whoever the Democratic nominee is in 2024.

Please, cope.

#USElection2024 #DemPrimary #DNC"
LucRuidant,2023-05-07 12:58:44+00:00,"Joe Biden dont la popularitÃ© est en baisse a du souci Ã  se faire depuis l'entrÃ©e en lice de Robert F. Kennedy, Jr, figure du mouvement anti-vaccination, qui, lui, se trouve sur une dynamique positive... ğŸ¤”ğŸ¤”ğŸ¤”
https://t.co/ctHY4cnWH6
#RobertKennedyJr #USElection2024
#kennedy24"
alkanomega,2023-05-05 11:06:25+00:00,"Another zinger from #USelection2024's surprise package

@VivekGRamaswamy is refreshing"
VivekGRamaswamy,2023-05-05 06:03:51+00:00,"Iâ€™ve been on this crusade for years & itâ€™s fascinating that the single best statement Iâ€™ve seen on this from another politician is from a Democrat. The real divide today isnâ€™t between R vs. D. Itâ€™s the managerial class vs. the everyday citizen. The Great Reset vs. The Great Uprising. Well said, @RobertKennedyJr."
CidtheSloth888,2023-05-01 23:23:38+00:00,"#Poland will be forced by #nato  into direct conflict with #russia.
#Biden regime will use #WW3 as cover for #deepstate crimes.
#USElection2024 will not happen. https://t.co/oIfESazpiC"
connected2india,2023-05-01 06:45:50+00:00,"Two Indian-Americans among Republican Presidential hopefuls for 2024

@GOP @JoeBiden #politics #USPolitics #uselections #uselection #Republican #uselection2024 #ctoi #connectedtoindia
https://t.co/w6JKZSWBQh via @connected2india"
alkanomega,2023-04-30 12:41:28+00:00,"THIS is the main argument for #RonDeSantis

There are others, but I personally would love to see #Trump as #POTUS - lots of good policies &amp; the triggering would be epic

Either is 3,000,000,000,000 x better than creepazoid #JoeBiden

(though #RFKJr has merit)

#USelection2024"
EA_WorldView,2023-04-27 08:46:26+00:00,"EA on RTE and BBC: Can #Biden Win Again?  

https://t.co/5nS5xJTKKt

#USElection2024 https://t.co/dfxaNS8Kbm"
bondi_izzy,2023-04-26 10:13:20+00:00,"cc @iLovely2404 
#Trump #FugueStates #USElection2024"
WinitthaThaiPBS,2023-04-26 08:52:51+00:00,"#à¹‚à¸ˆà¹„à¸šà¹€à¸”à¸™ à¸›à¸£à¸°à¸à¸²à¸¨à¸•à¸±à¸§à¸¥à¸‡à¸Šà¸´à¸‡à¹€à¸à¹‰à¸²à¸­à¸µà¹‰ #à¸›à¸£à¸°à¸˜à¸²à¸™à¸²à¸˜à¸´à¸šà¸”à¸µà¸ªà¸«à¸£à¸±à¸à¸¯ à¹ƒà¸™à¸à¸²à¸£ #à¹€à¸¥à¸·à¸­à¸à¸•à¸±à¹‰à¸‡ à¸›à¸µ 2024 à¸­à¸µà¸à¸ªà¸¡à¸±à¸¢ à¸Šà¸¹à¸™à¹‚à¸¢à¸šà¸²à¸¢ #à¸ªà¸²à¸™à¸•à¹ˆà¸­ à¸ à¸²à¸£à¸à¸´à¸ˆà¸—à¸µà¹ˆà¸¢à¸±à¸‡à¹„à¸¡à¹ˆà¹€à¸ªà¸£à¹‡à¸ˆà¸ªà¸¡à¸šà¸¹à¸£à¸“à¹Œ 

#USelection2024 https://t.co/1uoEVRLOZj"
ScottLucas_EA,2023-04-26 08:43:52+00:00,"I had to pull out of this interview because of urgent meeting in Dublin today. 

Looks like they dug really deep to get this substitute to do a hit job on #Bidenâ€¦.

#USElection2024"
GBNEWS,2023-04-26 07:53:16+00:00,"'The American people don't feel Joe Biden should run again, there is also the issue of Kamala Harris who is also gaffe ridden.'

Professor Kevin Yuill details the American publics' likely reaction to Joe Biden launching his 2024 Presidential campaign. https://t.co/22PFLOrCGC"
ScottLucas_EA,2023-04-26 08:34:59+00:00,"Analyzing the man, his Administration so far, the issues, and the campaign aheadâ€¦.

#Biden #USElection2024"
EA_WorldView,2023-04-26 07:54:43+00:00,"EA on RTE and BBC: Can #Biden Win Again?

https://t.co/5nS5xJTKKt

#USElection2024 https://t.co/5ZKyoPZXUf"
imgranados,2023-04-25 22:04:01+00:00,"Should Presidential Candidates Announce Early Or Late? 
Only a few nominees over the last half century were the first or last of their party to file, with the average announcement date still a month away
#USElection2024  #Biden2024 
https://t.co/9ItkR7zfrF via @SmartPolitics"
gulf_news,2023-04-25 19:20:00+00:00,"#USelection2024: Top challenges to a #Biden reelection

Age and economy will play big role as electors cast their votes

https://t.co/PndynAOI7P"
Newsbook_com_mt,2023-04-25 16:00:01+00:00,"The American President, Joe Biden, has announced that he will be running again for President. He wants to fulfil what he started in the last four years.

@JoeBiden #president #US #reelection #USelection2024 #internationalnews #newsbookmalta 

https://t.co/NNkgHs9kJD"
alkanomega,2023-04-25 14:21:54+00:00,"Hopefully the circled bit is a fatal error - Yet to receive much comment

#KamalaHarris #USelection2024
 https://t.co/Mx4vOXzmZc https://t.co/HkVvwkXWzf"
ScottLucas_EA,2023-04-25 14:21:48+00:00,"On air in 10 mins w @RTERadio1 to analyze #Biden re-election campaign, state of the #Republicans, and issues in #USElection2024 

https://t.co/oyq48etUzQ"
DisinfoDocket,2023-04-25 12:51:26+00:00,Benjamin Wittes shares his takeaway impressions from attending the Patriots &amp; Pragmatists conference this week https://t.co/7Rzl33jEQu #misinformation #disinformation #democracy #USElection2024
NewsMobileIndia,2023-04-25 12:40:37+00:00,"US President Joe Biden Announces Re-election Bid For 2024 Presidential Election

#JoeBiden #President #UnitedStates #USElection2024

https://t.co/xStf595f1T"
NewsMobileIndia,2023-04-25 12:18:01+00:00,".@JoeBiden has formally announced he will run for a second term as US president 

#JoeBiden #President #UnitedStates #USElection2024 https://t.co/ibB6jDuQun"
JohnnyReed1991,2023-04-25 12:06:17+00:00,He now joins Marianne Williamson and Robert F Kennedy Jnr as democrat candidates for president. #presidentbiden #uselection2024
alkanomega,2023-04-24 18:40:22+00:00,"That would be a hoot
Imagine a debate with #JoeBiden 
#USelection2024"
emeriticus,2023-04-24 18:17:50+00:00,What are the chances Tucker runs for presidentğŸ‘€
imeesamz,2023-04-24 11:26:36+00:00,@OliLondonTV Dylan will take over Killary Clinton.. Dylan Next Potus. #USELECTION2024 #DylanThePoTUS ğŸ¥’
blurredfrank,2023-04-24 08:02:35+00:00,"The Democrats are not holding presidential debates in 2024? 
If this is true, we all know why. 
They are worried the drooling, stuttering, bed-wetting, ponytail sniffing old cadaver will lose everything. And he's a useful toy for their owners. 
#MondayThoughts
#USElection2024 https://t.co/Ixb6MobF9d"
RadoslawSzafarz,2023-04-23 09:20:15+00:00,"#Biden reelection announcement expected shortly â¤µï¸

#USelection2024

https://t.co/06yDP5Iz9P"
alkanomega,2023-04-23 07:36:38+00:00,"If #USelection2024 is #RFKJr vs #Trump/#deSantis I could be happy with the outcome

@JamesPPinkerton aces it with this superb RFK analysis - nothing like Teddy

Revolting #JoeBiden &amp; the establishment #Democrats probably hate him more than Trump

#history 
https://t.co/JYHzHtbfSg"
alkanomega,2023-04-22 18:12:13+00:00,"Uh oh... #JoeBiden is losing the billionaires now...
Is @BillAckman worried about #Trump, #RonDeSantis, or both? 

#USelection2024"
BillAckman,2023-04-22 16:59:12+00:00,".@POTUS should declare that he is not running for re-election now. Doing so will open the field for the best potential Democratic nominee and give him or her the greatest opportunity to build a constituency to win. 

Our country deserves a vibrant and experienced leader operating at his or her peak potential. Biden should take pride in his accomplishments and step aside for the next generation of leadership. Otherwise, he risks being forced to withdraw later for health reasons or lose when a better candidate could have won the election. 

We live in a highly uncertain and dangerous time. We need great leadership to secure our countryâ€™s future. Increasing the probability that our next president is the best leader we can find is critical for our countryâ€™s prosperity."
MaxGutbrod,2023-04-19 16:21:03+00:00,"@daveweisberger1 @GOPMajorityWhip Will #cryptoregulation be a factor to be taken seriously at #USelection2024? 

#cryptoregulationUS"
alkanomega,2023-04-16 18:23:57+00:00,"Refreshing. 
@VivekGRamaswamy continues to impress

@BillAckman is obviously a capitalist pig etc, but a smart one

Excellent response from Vivek

#USelection2024 https://t.co/iEGpEKJj2y"
networkparty1,2023-04-12 06:12:30+00:00,"Who is Ron DeSantis? Americans, beware what belies the smile!
@GovRonDeSantis  #rondesantis #uspoli #uspolitics @IntlCrimCourt #unitedstatesofamerica #torture #UnitedNationsHumanRights #USElection2024  https://t.co/JNzCxQvR56"
DNEWS24Medien,2023-04-10 16:37:15+00:00,"#uselection2024 #JoeBiden
US-PrÃ¤sidentschaftswahl: Biden erklÃ¤rt sich zu Kandidatur 2024 bereit https://t.co/B0BnQqNIef via @derspiegel"
jackquig,2023-04-08 17:08:06+00:00,â€œLetâ€™s hope people remember that you canâ€™t kill an idea by killing an individual; ideas canâ€™t be shot.â€ #ProtectOurDemocracy #USElection2024 #USpolitics #BallotsNotBullets  https://t.co/gALuISWFfb
alkanomega,2023-04-07 21:27:50+00:00,"Given that #Trump is once again omnipresent, and clearly retains his powers of extreme Trumpiness - so he's a genuine contender in #USelection2024 - this, by @taibb (also referencing @ggreenwald - both are honest lefties) is essential reading

Bring it on
https://t.co/wh8c75qlL7"
alkanomega,2023-04-06 08:29:51+00:00,"Great piece on #Trump

Fits with @AnnCoulter's pieces on the same topic

I don't think it's this clear cut, but #RonDeSantis is the safer bet for #USelection2024"
redsteeze,2023-04-06 00:02:46+00:00,"I have a piece up at @Newsweek about what exactly Alvin Bragg, our media and the Biden White House is up to with the Trump indictment. Only GOP voters can decide how this all ends. 
https://t.co/cQX5yW7LJN"
UKinUSA,2023-04-04 23:58:25+00:00,"ğŸ‡¬ğŸ‡§ğŸ‡ºğŸ‡¸ King Charles III and President Joe Biden spoke on the phone today.

They underscored the strong UK-US relationship and the friendship between our peoples. 

@POTUS congratulated The King on his upcoming Coronation and informed him that @FLOTUS looks forward to attending. https://t.co/BR1GF5qA4X"
season6pubgid18,2023-04-04 14:31:17+00:00,"#USelection2024#bbcnews
https://t.co/ifznMppvw9"
ilLondinese,2023-04-05 15:43:23+00:00,#Biden PresenzierÃ  l'anniversario del Good Friday in Irlanda ma non la coronazione di Re Carlo ...spero proprio che con le prossime  #USElection2024 gli diano il ben servito ...
ibtesamhassan09,2023-04-04 14:28:53+00:00,"#USelection2024#bbcnews
https://t.co/eliDkcZZsh"
theworldstimes,2023-04-04 09:11:45+00:00,"Donald Trump expected to plead not guilty in New York court
#DONALDTRUMP #FLORIDA #NEWYORK #NEWYORKCITY #THEWORLDSTIMES #UNITEDSTATES #USELECTION2024 #USPOLITICS 
https://t.co/IerDmDdrci"
BGP_Vadodara,2023-03-31 22:44:07+00:00,And US congress committee thinks TikTok is dangerous ğŸ¤¬ğŸ’©ğŸ¤¡â˜ ï¸ #chinaâ¤ï¸ #uselection2024 https://t.co/evXafIgL3d
ruamused,2023-03-31 00:32:14+00:00,So as a felon in Florida Trump can run for President but he can't vote #Trump #USElection2024
pacific_reports,2023-03-28 02:07:39+00:00,Former President Donald Trump kicks off 2024 campaign in Lone Star State #Texas #Donaldtrump #USelection2024 https://t.co/gLyXcVzLgc https://t.co/hMS55ui0w8
wilftin,2023-03-23 03:31:48+00:00,"As the US presidential election approaches, political tensions continue to rise. It's important to exercise your right to vote and voice your opinion, but let's remember to engage in respectful and productive dialogue with those who may have differing views. #USElection2024"
buletin_india,2023-03-20 11:55:27+00:00,"àªŸà«àª°àª®à«àªªàª¨à«‡ àªªà«àª°àªšàª‚àª¡ àªµàª¿àªœàª¯àª®àª¾àª‚ àª«àª°à«€àª¥à«€ àªšà«‚àª‚àªŸàªµàª¾àª®àª¾àª‚ àª†àªµàª¶à«‡: àªàª²à«‹àª¨ àª®àª¸à«àª•
#buletinindia #TRUMP #elonmusk #worldwide #USElection2024  #NewsUpdate
https://t.co/AzJNCiU6zB"
alkanomega,2023-03-09 13:54:18+00:00,"A classic of political reportage from @nickyotissmith (a #BernieSanders fan)

#Trump is far from counted out 

#USelection2024 
https://t.co/ZvOJPxKnmF"
WIONews,2023-03-08 19:18:25+00:00,"#USElection2024: 60th Presidential contest

Former US ambassador to UN Nikki Haley calls for mental competency tests for politicians over 75

Biden expected to seek re-election

@susanmtehrani brings you this report

Watch more: https://t.co/dm7SyC01cG https://t.co/kXi11qoO20"
SMLabTO,2023-03-05 17:37:32+00:00,"As the #USElection2024 ramps up, use @PoliDashboard to track &amp; analyze the political &amp; social issue ads that are being shown to users on Meta's various products including Facebook &amp; Instagram. 

The dashboard is public &amp; free to use. ğŸ”– https://t.co/WbskJUT8gZ #transparency https://t.co/mwhjtsibBK"
alkanomega,2023-03-05 12:55:35+00:00,"The build up to #USelection2024 is beginning

Always worth pondering the complete amorality of most of the #Democrats, although they don't even try to hide it much these days https://t.co/E6bM6nlCzv"
TOIEditor,2023-03-05 07:14:00+00:00,"Haley or Harris? Indian American voters may face intriguing choice

The looming US presidential election of 2024 could have a big surprise with two Indian Americans on the ballot, writes @sarasadhwani 

#NikkiHaley #KamlaHarris #USElection2024

https://t.co/P3DeI2MCm8 https://t.co/eH564d24T6"
timesofindia,2023-03-05 06:52:20+00:00,"Haley or Harris? Indian American voters may face intriguing choice

The looming US presidential election of 2024 could have a big surprise with two Indian Americans on the ballot, writes @sarasadhwani 

#NikkiHaley #KamlaHarris #USElection2024

https://t.co/ZP6iDbytGM https://t.co/pW7Tzj7mg8"
82AndersPersson,2023-03-01 21:43:17+00:00,"Major shifts again in the betting market for the #USElection2024. Clear setback for Ron #DeSantis, who is now tied with Joe #Biden. Also, clear improvement for Donald #Trump. All compared to six weeks ago, according to #Unibet. https://t.co/vLkxRZL6VG"
DharmicFundoo,2023-02-27 20:25:45+00:00,Could #USElection2024 be a fight between Tamil Nadu and Kerala?
sudhirmehtapune,2023-02-27 17:20:17+00:00,"Jhandey tumhaare, bandey hamaare 
#Joke  #ViaWA https://t.co/PwHkhqJaJ1"
alkanomega,2023-02-26 20:40:58+00:00,". @VivekGRamaswamy has quite a CV

He's impressive, on the face of it. Not unlike #Trump, without certain 'issues' (I still like and admire The Donald)

Worth watching closely, from here in the UK 

#USelection2024"
VivekGRamaswamy,2023-02-26 20:12:38+00:00,"Itâ€™s official: Covid was born in a Chinese lab. As President I will extract reparations from the CCP, using our debt as a lever. I will impose sanctions on CCP officials &amp; open criminal investigations into US feds who knowingly evaded the ban on GOFR research to fund it abroad ğŸ‡ºğŸ‡¸ https://t.co/DUXFGBRgO9"
alkanomega,2023-02-24 23:00:44+00:00,"A very promising start from @VivekGRamaswamy

The ""climate religion"" bit will trigger all the right people

#USelection2024"
VivekGRamaswamy,2023-02-24 21:54:09+00:00,"We will *lead* this race by far in offering clear solutions:
- End affirmative action
- Abandon climate religion
- Shut down government agencies, starting with Dept of Education
- 8-year term limits for bureaucrats
- Make political expression a civil right
- Much more to come"
NewsBricks,2023-02-23 09:03:09+00:00,"https://t.co/YWwWxwJ4XZ
Indian Descent Vivek Ramaswamy Joins US Election 2024 Race
#uselection2024 #US #VivekRamaswamy #Vivek2024"
BattleRopeMan,2023-02-22 22:56:54+00:00,"@EndWokeness Only one loves America and that's @realDonaldTrump whilst the other, @joebiden only loves countries who pay his son #HunterBiden salary. In 2024 the ballot is America first with Trump or America last with Biden. It's an easy choice isn't it? #USElection2024"
WNLNewsNetwork,2023-02-22 13:31:24+00:00,"#VivekRamaswamy #USElection2024 #USPresidentialElection #PresidentCandidate #UnitedStates

à§¨à§¦à§¨à§ªà¦à¦° ğŸ‡ºğŸ‡¸à¦ªà§à¦°à§‡à¦¸à¦¿à¦¡à§‡à¦¨à§à¦Ÿ à¦¨à¦¿à¦°à§à¦¬à¦¾à¦šà¦¨à§‡ à¦ªà§à¦°à¦¤à¦¿à¦¦à§à¦¬à¦¨à§à¦¦à§à¦¬à¦¿à¦¤à¦¾à¦¯à¦¼ à¦†à¦°à¦“ à¦à¦• à¦­à¦¾à¦°à¦¤à§€à¦¯à¦¼ à¦¬à¦‚à¦¶à§‹à¦¦à§à¦­à§‚à¦¤ à¦¬à¦¿à¦¬à§‡à¦• à¦°à¦¾à¦®à¦¾à¦¸à§à¦¬à¦¾à¦®à§€ https://t.co/y7wKm0vlTj https://t.co/Dnkb85QjHr"
Bihar_Sansad,2023-02-22 10:27:18+00:00,"à¤à¤• à¤”à¤° à¤­à¤¾à¤°à¤¤à¤µà¤‚à¤¶à¥€ à¤…à¤¬ à¤…à¤®à¥‡à¤°à¤¿à¤•à¥€ à¤°à¤¾à¤·à¥à¤Ÿà¥à¤°à¤ªà¤¤à¤¿ à¤ªà¤¦ à¤•à¥€ à¤¦à¥Œà¤¡à¤¼ à¤®à¥‡à¤‚ à¤¶à¤¾à¤®à¤¿à¤² à¤¹à¥‹ à¤—à¤¯à¤¾ à¤¹à¥ˆ. à¤­à¤¾à¤°à¤¤à¥€à¤¯ à¤®à¥‚à¤² à¤•à¥‡ à¤µà¤¿à¤µà¥‡à¤• à¤°à¤¾à¤®à¤¾à¤¸à¥à¤µà¤¾à¤®à¥€ à¤¨à¥‡ à¤­à¥€ à¤šà¥à¤¨à¤¾à¤µ à¤²à¤¡à¤¼à¤¨à¥‡ à¤•à¥€ à¤˜à¥‹à¤·à¤£à¤¾ à¤•à¤° à¤¦à¥€ à¤¹à¥ˆ. à¤µà¤¿à¤µà¥‡à¤• à¤à¤• à¤¯à¥à¤µà¤¾ à¤‰à¤¦à¥à¤¯à¤®à¥€ à¤¹à¥ˆà¤‚ à¤œà¥‹ à¤°à¤¿à¤ªà¤¬à¥à¤²à¤¿à¤•à¤¨ à¤ªà¤¾à¤°à¥à¤Ÿà¥€ à¤•à¥‡ à¤¸à¤¾à¤¥ à¤¹à¥ˆà¤‚. à¤‰à¤¨à¤¸à¥‡ à¤ªà¤¹à¤²à¥‡ à¤­à¤¾à¤°à¤¤à¥€à¤¯ à¤®à¥‚à¤² à¤•à¥€ à¤¨à¤¿à¤•à¥à¤•à¥€ à¤¹à¥‡à¤²à¥€ à¤¨à¥‡ à¤­à¥€ à¤šà¥à¤¨à¤¾à¤µ à¤²à¤¡à¤¼à¤¨à¥‡ à¤•à¥€ à¤˜à¥‹à¤·à¤£à¤¾ à¤•à¥€ à¤¥à¥€.
#USElection2024 https://t.co/7IJ3IYahnb"
gkbfact,2023-02-22 09:50:29+00:00,"à¤à¤• à¤”à¤° à¤­à¤¾à¤°à¤¤à¤µà¤‚à¤¶à¥€ à¤…à¤¬ à¤…à¤®à¥‡à¤°à¤¿à¤•à¥€ à¤°à¤¾à¤·à¥à¤Ÿà¥à¤°à¤ªà¤¤à¤¿ à¤ªà¤¦ à¤•à¥€ à¤¦à¥Œà¤¡à¤¼ à¤®à¥‡à¤‚ à¤¶à¤¾à¤®à¤¿à¤² à¤¹à¥‹ à¤—à¤¯à¤¾ à¤¹à¥ˆ. à¤­à¤¾à¤°à¤¤à¥€à¤¯ à¤®à¥‚à¤² à¤•à¥‡ à¤µà¤¿à¤µà¥‡à¤• à¤°à¤¾à¤®à¤¾à¤¸à¥à¤µà¤¾à¤®à¥€ à¤¨à¥‡ à¤­à¥€ à¤šà¥à¤¨à¤¾à¤µ à¤²à¤¡à¤¼à¤¨à¥‡ à¤•à¥€ à¤˜à¥‹à¤·à¤£à¤¾ à¤•à¤° à¤¦à¥€ à¤¹à¥ˆ. à¤µà¤¿à¤µà¥‡à¤• à¤à¤• à¤¯à¥à¤µà¤¾ à¤‰à¤¦à¥à¤¯à¤®à¥€ à¤¹à¥ˆà¤‚ à¤œà¥‹ à¤°à¤¿à¤ªà¤¬à¥à¤²à¤¿à¤•à¤¨ à¤ªà¤¾à¤°à¥à¤Ÿà¥€ à¤•à¥‡ à¤¸à¤¾à¤¥ à¤¹à¥ˆà¤‚.
#UnitedStates 
 #USElection2024
#VivekRamaswamy #NikkiHaley #Trending https://t.co/jws9S9L3xT"
Kalaignarnews,2023-02-22 09:47:43+00:00,"à®…à®®à¯†à®°à®¿à®•à¯à®• à®¤à¯‡à®°à¯à®¤à®²à¯ : à®Ÿà®¿à®°à®®à¯à®ªà¯à®•à¯à®•à¯ à®ªà¯‹à®Ÿà¯à®Ÿà®¿à®¯à®¾à®• à®•à®³à®®à®¿à®±à®™à¯à®•à¯à®®à¯ à®‡à®¨à¯à®¤à®¿à®¯ à®µà®®à¯à®šà®¾à®µà®³à®¿ à®µà®¾à®²à®¿à®ªà®°à¯.. à®¯à®¾à®°à¯ à®‡à®¨à¯à®¤ à®µà®¿à®µà¯‡à®•à¯ à®°à®¾à®®à®šà®¾à®®à®¿ ?

https://t.co/Y6ov5o0nDj

#VivekRamasamy #USElection2024 #DonaldTrump #TrumpvsVivek #kalaignarseithigal"
thefourthlive,2023-02-22 09:37:42+00:00,"à´•àµ‡à´°à´³à´¤àµà´¤à´¿àµ½ à´¨à´¿à´¨àµà´¨àµ à´…à´®àµ‡à´°à´¿à´•àµà´•à´¯à´¿à´²àµ‡à´•àµà´•àµ à´•àµà´Ÿà´¿à´¯àµ‡à´±à´¿à´¯ à´µà´¿à´µàµ‡à´•àµ à´—à´£à´ªà´¤à´¿à´¯àµà´Ÿàµ†à´¯àµà´‚ à´¡àµ‹ à´—àµ€à´¤à´¯àµà´Ÿàµ†à´¯àµà´‚ à´®à´•à´¨à´¾à´£àµ 37 à´•à´¾à´°à´¨à´¾à´¯ à´µà´¿à´µàµ‡à´•àµ

#TheFourthNews #USPresidentialElection
#VivekRamaswamy #USElection2024 https://t.co/NPaT5o02DZ"
latestly,2023-02-22 07:01:16+00:00,"Vivek Ramaswamy, Indian-Origin Entrepreneur, to Run For US Presidential Election 2024 
#VivekRamaswamy #USElection2024 #USPresidentialElection 
https://t.co/XOJe6K6Se5"
LeapfrogMark,2023-02-17 21:05:29+00:00,And the #American electorate says 'meh'. #USElection2024
NBCNews,2023-02-17 21:03:06+00:00,"""Joe Biden ... has said he intends to run for re-election as president and I intend to run with him as vice president of the United States,"" VP Harris told @NBCNews. https://t.co/nhzhmgj62J"
alkanomega,2023-02-15 20:32:04+00:00,"Interesting
@BillAckman is obviously smart

I know nothing of @VivekGRamaswamy, but maybe I should find out more

#USelection2024"
BillAckman,2023-02-15 20:25:44+00:00,"I am going to make a bold and early call. @VivekGRamaswamy will run for POTUS and win. I think the country is ready for his message. He is young, smart, talented and will attract the center to the right to win. He speaks hard truths which many believe but fear to say."
VistaraNews,2023-02-15 16:02:42+00:00,"Vivek Ramaswamy: à²…à²®à³†à²°à²¿à²• à²…à²§à³à²¯à²•à³à²·à³€à²¯ à²šà³à²¨à²¾à²µà²£à³†à²¯à²²à³à²²à²¿ à²­à²¾à²°à²¤ à²®à³‚à²²à²¦ à²µà²¿à²µà³‡à²•à³â€Œ à²°à²¾à²®à²¸à³à²µà²¾à²®à²¿ à²¸à³à²ªà²°à³à²§à³†?

#vistaranews #VivekRamaswamy #USElection2024

https://t.co/xIvxAen8ud"
RozanaSpokesman,2023-02-15 13:43:45+00:00,"#NimrataRandhawa aka #NikkiHaley to contest the #USpresidentialelection in 2024 

@NikkiHaley #Punjabi #USElection2024 #USPresidentialPolls https://t.co/Mt0VDlfFAv"
mathrubhumieng,2023-02-15 12:12:34+00:00,Nikki Haley to formally announce her 2024 US presidential bid https://t.co/jIyieNDphR #USElection2024 #NikkiHaley
Pratikpaghadar,2023-02-15 06:08:19+00:00,"Nikki Haley announces 2024 presidential bid, setting up potential clash with Trump https://t.co/l7GVMtzF7S 

#nikkihaley2024  #RepublicanParty
#uselection2024 #USpolitics #UnitedStates #USA #Trump"
ALADILI,2023-02-14 20:29:14+00:00,"Hossein Taeb, the IRGC commander's advisor, said that he predicts ""@ElonMusk will be a candidate in the 2024 US presidential election.""
According to him, ""If Trump announced his candidacy, Musk will not be a candidate""
#USElection2024"
IranIntl,2023-02-14 10:49:15+00:00,"Ø­Ø³ÛŒÙ† Ø·Ø§Ø¦Ø¨ØŒ Ù…Ø´Ø§ÙˆØ±Ù‡ ÙØ±Ù…Ø§Ù†Ø¯Ù‡ Ø³Ù¾Ø§Ù‡ØŒ Ø¯Ø± Ø¯Ø§Ù†Ø´Ú¯Ø§Ù‡ Ø§Ù…ÛŒØ±Ú©Ø¨ÛŒØ± ØªÙ‡Ø±Ø§Ù† Ú¯ÙØª Ú©Ù‡ Ù¾ÛŒØ´â€ŒØ¨ÛŒÙ†ÛŒ Ù…ÛŒâ€ŒÚ©Ù†Ø¯ Â«Ø§ÛŒÙ„Ø§Ù† Ù…Ø§Ø³Ú© Ø¯Ø± Ø§Ù†ØªØ®Ø§Ø¨Ø§Øª Ø±ÛŒØ§Ø³Øªâ€ŒØ¬Ù…Ù‡ÙˆØ±ÛŒ Û²Û°Û²Û´ Ø¢Ù…Ø±ÛŒÚ©Ø§ Ú©Ø§Ù†Ø¯ÛŒØ¯ Ø´ÙˆØ¯.Â»
Ø¨Ù‡ Ú¯ÙØªÙ‡ Ø§Ùˆ Ø§Ú¯Ø± ØªØ±Ø§Ù…Ù¾ Ø¨Ù‡ Ø§Ù†ØªØ®Ø§Ø¨Ø§Øª Ø¨ÛŒØ§ÛŒØ¯ØŒ Ù…Ø§Ø³Ú© Ú©Ø§Ù†Ø¯ÛŒØ¯ Ù†Ø®ÙˆØ§Ù‡Ø¯ Ø´Ø¯ https://t.co/rhppLa7aXs"
VistaraNews,2023-02-14 16:33:17+00:00,"Nikki Haley: à²…à²§à³à²¯à²•à³à²·à³€à²¯ à²šà³à²¨à²¾à²µà²£à³†à²¯à²²à³à²²à²¿ à²¨à²¾à²¨à³‡ à²°à²¿à²ªà²¬à³à²²à²¿à²•à²¨à³â€Œ à²…à²­à³à²¯à²°à³à²¥à²¿, à²Ÿà³à²°à²‚à²ªà³â€Œà²—à³† à²­à²¾à²°à²¤ à²®à³‚à²²à²¦ à²¨à²¿à²•à³à²•à²¿ à²¹à³à²¯à²¾à²²à³† à²¸à²µà²¾à²²à³

#vistaranews #Nikkihaley #DonaldTrump #USElection2024 #USPresidentialElection

https://t.co/FSgUYsSyyC"
AngelaBirk,2023-02-14 15:14:08+00:00,"First contender, Nikki Haley, against the very bad former president Trump.

#USElection2024
#Haley
#USA
#us 

https://t.co/waFi68WOFQ"
ThePokermask,2023-02-02 13:49:32+00:00,"Trump and Republicans love freedom so much, they'll take away the freedom of trans people to even existâ€¦

#TrumpIsDone #USElection2024 

https://t.co/IfO05YR6t9"
MarathiDivya,2023-02-02 11:50:00+00:00,"US à¤ªà¥à¤°à¥‡à¤¸à¤¿à¤¡à¥‡à¤‚à¤Ÿ à¤¨à¤¿à¤µà¤¡à¤£à¥‚à¤• 2024:à¤­à¤¾à¤°à¤¤à¥€à¤¯ à¤µà¤‚à¤¶à¤¾à¤šà¥à¤¯à¤¾ à¤¨à¤¿à¤•à¥à¤•à¥€ à¤¹à¥‡à¤²à¥€ à¤¹à¥‹à¤µà¥‚ à¤¶à¤•à¤¤à¤¾à¤¤ à¤°à¤¿à¤ªà¤¬à¥à¤²à¤¿à¤•à¤¨ à¤‰à¤®à¥‡à¤¦à¤µà¤¾à¤°; à¤¡à¥‹à¤¨à¤¾à¤²à¥à¤¡ à¤Ÿà¥à¤°à¤®à¥à¤ª à¤µà¤¿à¤°à¥à¤¦à¥à¤§ à¤²à¤¢à¤¾à¤µà¥‡ à¤²à¤¾à¤—à¤£à¤¾à¤°
#USpresident #nikkihaley #donaldtrump #USElections #USElection2024

https://t.co/S99CwRX43k"
DunyaNews,2023-01-29 13:18:08+00:00,Ø³Ø§Ù„ 2024Ø¡ Ú©Û’ Ø§Ù†ØªØ®Ø§Ø¨Ø§Øª Ù…ÛŒÚº Ù…Ù„Ú© Ú©Ùˆ Ø¨Ú†Ø§Ù†Û’ Ú©Ø§ Ø¢Ø®Ø±ÛŒ Ù…ÙˆÙ‚Ø¹ ÛÛ’ØŒ ÚˆÙˆÙ†Ù„Úˆ Ù¹Ø±Ù…Ù¾ #DonaldTrump #USElection2024 https://t.co/9T9YvvHSeT https://t.co/FnLOK9Z1Le
82AndersPersson,2023-01-22 15:04:08+00:00,"Much is already happening in the #USElection2024 
Clear lead for Ron #DeSantis 
Catastrophic setback for Donald #Trump 
Major improvement for Joe #Biden
All compared to two months ago, according to #Unibet https://t.co/jkSMZoeePW"
alkanomega,2023-01-15 16:55:55+00:00,"He has a point
#USelection2024?"
CollinRugg,2023-01-15 04:52:30+00:00,"Bidenâ€™s presidency hits the 2 year mark and suddenly he is flooded with scandals.

Something else is going on."
MakeEngineEar,2022-12-28 03:47:53+00:00,Double standard #Democrats! â€œRules to thee but not to meâ€. Get them standing and walking away from where they are seating. #USElection2024
Jim_Jordan,2022-12-27 21:29:40+00:00,"Democrats donâ€™t care if illegal immigrants come to your backyard. 

But they get really mad if illegal immigrants come to theirs."
azeerenews,2022-12-27 13:23:08+00:00,"#USElection2024: Mike Pence Declares To Run For President | #AzeeRe News.

#Trump #Biden #MikePence 
https://t.co/Xs24K49yuc"
mainabhatnagar,2022-12-23 17:47:51+00:00,"Will Donald Trump win presidential election in 2024 #Trump #KrishnamurtiPaddhati  #astrology #USelection2024 #uspresident #Worldpolitics
https://t.co/NuERL5dRKz"
mainabhatnagar,2022-12-23 17:37:05+00:00,"Will Donald Trump win presidential election in 2024 #Trump #KrishnamurtiPaddhati  #astrology #USelection2024 #uspresident #Worldpolitics
#https://www.youtube.com/watch?v=drJYprduIKw"
ThePokermask,2022-12-15 19:20:51+00:00,"God, this is just sad...

#TrumpIsDone #USElection2024"
NEWSMAX,2022-12-15 19:15:52+00:00,"Former President Donald Trump's self-proclaimed ""Major Announcement"" concerns a new digital trading card collection. https://t.co/GOemih62vP https://t.co/0F6YrI9UmU"
RaphaelKahane,2022-12-02 11:42:58+00:00,"â¦@JoeBidenâ© avanÃ§ant dans le calendrier des primaires dÃ©mocrates des Ã©tats qui lâ€™ont portÃ© en tÃªte en 2020, le signe quâ€™il envisage sÃ©rieusement de se reprÃ©senter ?
#USelection2024  https://t.co/ajLiojumBK"
GhostwordsTV,2022-11-29 20:05:16+00:00,"Have you chosen YOUR candidate yet?

https://t.co/KByjeXkjdf
#Shemp #ShempHoward
#Curly #CurlyHoward
#ThreeStooges #Election
#USElection2024 https://t.co/cbeszpJxBm"
ThePokermask,2022-11-28 11:00:55+00:00,"Milo outed Richard Spencer, by leaking audio tapes of him screaming racial and antisemitic slurs, after the disastrous Unite the Right-rally.

Don't be shocked if Ye's dirty laundry is made public, in a few years from now.

#KanyeWest #USElection2024"
RightWingWatch,2022-11-27 21:12:33+00:00,"Laura Loomer alleges that prior to being hired to run Kanye West's presidential campaign, Milo Yiannopoulos repeatedly posted on social media that West is gay. Loomer then posted a video of Milo bragging about collecting ""shit"" on nearly everyone with whom he interacts. https://t.co/8CPcUPo0lF"
Ripleys_Dad_13,2022-11-28 03:25:39+00:00,"It's happening YE2024, not sure about vice Trump though.

#USelection2024 #presidencYE #PrayForAmerica #TheOvalHipHopfice

https://t.co/cRznJMzEUF"
newztimekannada,2022-11-26 07:03:35+00:00,"US Presidential Election :2024à²° à²šà³à²¨à²¾à²µà²£à³†à²¯à²²à³à²²à²¿ à²•à²£à²•à³à²•à²¿à²³à²¿à²¯à³à²¤à³à²¤à²¾à²°à²¾ ? | Donald Trump | Newstime Kannada

#USElection2024 #US #DonaldTrump #JoeBiden #America https://t.co/cR7BHIiaIf"
maughan67,2022-11-25 15:46:21+00:00,"This would be hilarious if it were not so pathetic. 

#KanyeWest 
#USelection2024  https://t.co/bQrdWT2Jl4"
ThePokermask,2022-11-25 07:16:48+00:00,"This reads more like a madman's far-right manifesto rather than a proper Presidential campaign...

This is going to get wild!

#USElection2024 #KanyeWest"
lovelyti,2022-11-21 19:31:29+00:00,"Kanye West said heâ€™s planning a 2024 presidential run and has tapped far-right provocateur Milo Yiannopoulos in a video posted to Twitter Sunday. 

Any Thoughts??? 

#KanyeWest #MiloYiannopoulos #USElection2024 #Lovelytitv https://t.co/K3oGSeYaKu"
RahimSabitha,2022-12-20 20:59:45+00:00,"Actually...
Instead of the entire election saga being played out again, I suggest a football match between Trump and Biden Teams. 

Yep. âš½

Why waste so much time &amp;  money?
Quick result too. â­

#USElection2024 
ğŸ‘‡ğŸ¾

https://t.co/U8yEm0YV2O"
TraderWarner,2022-11-21 15:14:53+00:00,#us #president #presidentialelection #kanyewest #uselection #uselection2024 #usa
pathaknitin,2022-11-19 17:48:38+00:00,"More than poll, it looks like election campaigning to get Trump restart for #USElection2024."
march_30x,2022-11-17 17:42:03+00:00,"#USElection2024  #Slogan

Trump- Back to Normal https://t.co/EOmB6vBLA0"
News18India,2022-11-17 13:55:47+00:00,"#Breaking 
à¤…à¤®à¥‡à¤°à¤¿à¤•à¤¾ à¤®à¥‡à¤‚ à¤®à¤§à¥à¤¯à¤µà¤§à¤¿ à¤šà¥à¤¨à¤¾à¤µ à¤ªà¤°à¤¿à¤£à¤¾à¤®, à¤°à¤¿à¤ªà¤¬à¥à¤²à¤¿à¤•à¤¨ à¤ªà¤¾à¤°à¥à¤Ÿà¥€ à¤•à¥‹ à¤¬à¤¹à¥à¤®à¤¤.

#DonaldTrump ##USElection2024 #AmericaElection https://t.co/kMhKaKPkgr"
akashsarkar00,2022-11-16 18:56:27+00:00,They donâ€™t know whatâ€™s coming. Letâ€™s see how the game is played for this time. #USElection2024
nypost,2022-11-16 15:34:20+00:00,"Trump's 2024 announcement was ignored, downplayed on cable TV networks https://t.co/l1b5Ivdjqk https://t.co/YE2D6lZZvd"
Zee24Kalak,2022-11-16 11:30:01+00:00,"àª¡à«‹àª¨àª¾àª²à«àª¡ àªŸà«àª°àª®à«àªª 2024àª®àª¾àª‚ àª«àª°à«€ àª²àª¡àª¶à«‡ àª°àª¾àª·à«àªŸà«àª°àªªàª¤àª¿àª¨à«€ àªšà«‚àª‚àªŸàª£à«€.... àª¶à«àª‚ àª•àª¹à«àª¯à«àª‚ àªŸà«àª°àª®à«àªªà«‡? àªœà«àª“ àªµà«€àª¡àª¿àª¯à«‹   

#DonaldTrump #DONALDTRUMP2024 #Election2024 #uselection2024  #AmericaElection https://t.co/Wpl6V3qfgP"
connected2india,2022-11-16 10:36:35+00:00,"Trump announces 2024 White House bid

#DonaldTrump #DonaldTrump2024 #USElection #USElections #USElection2024 #connectedtoindia #ctoi #USPolitics #Politics #USANews #USNews #WhiteHouse #USA #US
https://t.co/OxKAzXHUz8 via @connected2india"
uniquesamaynews,2022-11-16 07:36:08+00:00,"US Presidential Elections: 2024 à¤®à¥‡à¤‚ à¤°à¤¾à¤·à¥à¤Ÿà¥à¤°à¤ªà¤¤à¤¿ à¤ªà¤¦ à¤•à¥€ à¤¦à¥Œà¤¡à¤¼ à¤®à¥‡à¤‚ à¤¶à¤¾à¤®à¤¿à¤² à¤¹à¥‹à¤‚à¤—à¥‡ à¤¡à¥‹à¤¨à¤¾à¤²à¥à¤¡ à¤Ÿà¥à¤°à¤‚à¤ª

https://t.co/olOk8b53RB

#donaldtrump #uspresidentialelections #USPresident #USElection #uselection2024 #PresidentialElection #presidential"
abpanandatv,2022-11-16 05:54:48+00:00,"à¦«à§‡à¦° à¦°à¦¾à¦·à§à¦Ÿà§à¦°à¦ªà¦¤à¦¿ à¦¹à¦“à¦¯à¦¼à¦¾à¦° à¦¦à§Œà¦¡à¦¼à§‡ à¦Ÿà§à¦°à¦¾à¦®à§à¦ª?
#DonaldTrump #USElection2024 #PresidentialCampaign
https://t.co/OzrRyUGIPG"
timesofindia,2022-11-16 04:43:48+00:00,"""In order to make America great and glorious again, I am tonight announcing my candidacy for President of the United States,"" he says.

#DonaldTrump #WhiteHouse #USElection2024"
timesofindia,2022-11-16 04:37:34+00:00,"#DonaldTrump files #WhiteHouse candidacy papers

The unusually early launch may well be aimed at fending off potential challengers for the party's nomination, including rising star Florida Governor DeSantis, and Trump's own former vice president, Pence.

https://t.co/Ax34CTQoBg"
ElizaR24,2022-11-16 04:05:36+00:00,Itâ€™s official â€” #DonaldTrump is back; attempt to be POTUS47;  expected announcement in minutes â€¦. #USElection2024
BBCBreaking,2022-11-16 04:00:55+00:00,"Donald Trump files paperwork to run for US president again in 2024, and is expected to speak within minutes https://t.co/TC2uXOkqr0"
michelle290272,2022-11-15 21:07:55+00:00,"I wonder if Trump's big announcement is that he will run as an Independent
Candidate for President in #USElection2024? ğŸ¤”
@cnnbrk 
@CNN 
@MSNBC 
@FoxNews"
82AndersPersson,2022-11-11 15:56:51+00:00,"Major shift in the odds for #USElection2024. 

Ron #DeSantis is now the favourite before Donald #Trump according to #Unibet. Also, slightly better odds for #Biden after the midterms as compared to two months ago. https://t.co/BtK8ymo28D"
newztimekannada,2022-11-08 14:00:55+00:00,"US Presidential Election :2024à²° à²šà³à²¨à²¾à²µà²£à³†à²¯à²²à³à²²à²¿ à²•à²£à²•à³à²•à²¿à²³à²¿à²¯à³à²¤à³à²¤à²¾à²°à²¾ ? | Donald Trump | Newstime Kannada

click --&gt;&gt; https://t.co/t3tjuzRYLR

https://t.co/jj9UnQPRKl

#USElection2024 #US #DonaldTrump #JoeBiden #America https://t.co/qf3LHMG4HA"
Revealing_812,2022-11-08 10:05:38+00:00,"Donald Trump gets Kenneth Copeland to Pray. But why?
https://t.co/oBIfQxsx1d

#DonaldTrump #UsElection2024 #KennethCopeland #Nar #NewApostolicReformation #TrumpProphets"
JimZopf,2022-11-06 21:59:41+00:00,#Wiedervorlage2024 â€¦ das kann echt krass werden bei der #USElection2024
ardenthistorian,2022-11-06 20:53:17+00:00,"Wenn Election Deniers diese strategisch fÃ¼r die DurchfÃ¼hrung der Wahlen und die Zertifizierung der WahlmÃ¤nner/Frauen so wichtigen Stellen besetzen, haben viele von ihnen bereits angekÃ¼ndigt, 2024 dafÃ¼r zu sorgen, dass auf jeden Fall ein Republikaner gewinnt."
boro_dean,2022-11-05 10:18:42+00:00,In two years time we will witness the greatest comeback of all time #Trump2024 #USElection2024
realaydemir,2022-10-25 18:52:15+00:00,"Ein US-PrÃ¤sident, der sich im eigenen Garten verirrt, den Ausgang des Presseraumes nicht mehr findet, nach einer verstorbenen Senatorin ruft und auch sonst Ã¼berhaupt nicht fit zu sein scheint, wÃ¼rde gegen einen unverwÃ¼stlichen #Trump mÃ¶glicherweise verlieren. 

#USelection2024"
CosmicJoke101,2022-10-06 05:02:24+00:00,"If @elonmusk runs for US President would you vote for him?
#ElonMusk #AmericaFirst #USA #uselection2024"
madhyamam,2022-10-04 03:37:42+00:00,à´¯àµ.à´à´¸àµ à´¤àµ†à´°à´àµà´àµ†à´Ÿàµà´ªàµà´ªàµ: à´šà´¿à´¤àµà´°à´‚ à´†à´µàµ¼à´¤àµà´¤à´¿à´•àµà´•àµà´®àµ‹? #USelection2024 #DonaldTrump #joebiden https://t.co/Yd31WRJa5Z
82AndersPersson,2022-09-12 00:09:15+00:00,Donald #Trump is clear favourite to win the #USElection2024 according to odds from #unibet https://t.co/oDfv0HfDbR
PoliticalHub24,2022-07-25 20:56:15+00:00,"DeSantis 'superseding' Trump in Republican polls #donaldtrump #desantis #2024election #uselection2024 #trumpdesantis2024 #makeamericagreatagain #MAGA #Trump2024 #DeSantis #desantis2024 #rondesantis #floridafreaks 

 https://t.co/goHIkoXfnn"
alkanomega,2022-06-21 15:37:25+00:00,"A great piece from @kurtschlichter pondering the big question re #USelection2024

#Trump https://t.co/Xpi5NGgf5A"
TrixieSalz,2022-06-17 06:12:34+00:00,"At the airport in NYC... some people are really  paying for these fan chocolates...
.
.
.
#wahlkampf #usa #uselection2024 #midterms #sweets #politics @ John F. Kennedy International Airport https://t.co/VguSCkqEY7"
alkanomega,2022-06-12 19:32:05+00:00,"Ha. @CNN's top #potato, @brianstelter, is rolling out the ""#JoeBiden must go"" stuff on behalf of the #Democrats

They must be really twitched re  #Midterms2022 and #USelection2024

Maybe keep Joe there after all"
alkanomega,2022-06-10 11:35:09+00:00,"If you're pondering the #USelection2024, this is a superb thread from @just_mindy, even if you hate the politicians that she's discussing (#Trump and #RonDeSantis).

Very savvy indeed."
just_mindy,2022-06-09 21:58:26+00:00,"Why I hope Trump doesnâ€™t run in 2024 &amp; DeSantis does (caveat: if Trump is the candidate, I will vote for him.) 
1. His age. He will be 78.  We need to stop electing anyone this old imo. We all know faculties can decline quickly at that age and we, as a country, canâ€™t risk that."
PJSF_Launch,2022-04-30 17:47:11+00:00,"Mr John Moody, 2024 Senior Campaign Manager and South Pacific Affairs for Independent US Candidate for The United States President, Mr Joseph Firmage 

  #josephfirmage #josepehfirmageforpresident #johnmoody #republican #uselection2024 https://t.co/Xeo8LuOa8X"
ladidalimey,2022-04-26 10:43:30+00:00,"I donâ€™t condone Trump, but isnâ€™t this fear of a level playing field? @CNBC #uselection2024 https://t.co/ugAuXW1HS2"
Wendy65872240,2022-02-24 17:17:23+00:00,Tutta la colpa Ã¨ di Bidet. Come altri presidenti USA democratici non Ã¨ stato capace di tener lontano la guerra. Lunga vita a Trump ğŸ—½ğŸ‡ºğŸ‡¸ğŸ’ªğŸ» #Uselection2024 #TrumpforPresident2024 https://t.co/Af4SUtQekC
